sname,,登記選民人數,8:30,9:30,10:30,11:30,12:30,13:30,14:30,15:30,16:30,17:30,18:30,19:30,20:30,21:30,22:30,
A0101,JOINT PROFASSIONAL CENTER,"3,428",40,114,223,374,537,707,866,"1,014","1,175","1,331","1,474","1,618","1,755","1,920","2,032",
A0102,HONG KONG PARK SPORTS CENTRE,"4,973",52,131,261,467,663,841,"1,025","1,243","1,501","1,730","1,975","2,193","2,355","2,580","2,834",
A0201,RAIMONDI COLLEGE,"7,266",86,313,771,771,"1,121","1,421","1,734","1,989","2,351","2,748","3,203","3,447","3,807","4,313","4,767",
A0301,HK TRUE LIGHT KINDERGARTEN (CAINE ROAD),"4,414",44,163,329,506,678,885,"1,169","1,308","1,489","1,705","1,905","2,111","2,317","2,521","2,805",
A0302,CENTRE FOR FOOD SAFETY,"1,750",17,56,108,174,245,327,396,469,567,661,748,823,895,987,"1,056",
A0401,GERMAN SWISS INTERNATIONAL SCHOOL PEAK CAMPUS,"1,191",22,35,62,106,175,228,271,303,365,421,490,545,584,643,703,
A0501,SAI YING PUN COMMUNITY COMPLEX COMMUNITY HALL,"7,591",112,251,507,820,"1,153","1,527","1,936","2,314","2,719","3,093","3,412","3,785","3,785","4,492","4,959",
A0601,HKYWCA WESTERN DISTRICT INTEGRATED SOCIAL SERVICE CENTRE,"7,094",113,327,634,928,"1,257","1,604","1,913","2,218","2,549","2,854","3,130","3,443","3,814","4,210","4,555",
"A0701
",SMITHFIELD SPORTS CENTRE,"9,112",190,496,868,"1,211","1,557","1,998","2,358","2,721","3,060","3,528","3,920","4,308","4,704","5,213","5,641",
A0801,"
KENNEDY TOWN COMMUNITY COMPLEX (MULTI-PURPOSE FUNCTION ROOM)","7,619",114,327,600,970,"1,376","1,674","2,046","2,434","2,778","3,159","3,448","3,763","4,135","4,558","4,926",
A0901,VICTORIA (BELCHER) KINDERGARTEN,"9,778",96,341,659,945,"1,313","1,607","1,935","2,250","2,569","2,949","3,336","3,351","4,133","4,520","5,892",
A1001,SHEK TONG TSUI SPORTS CENTRE,"9,938",178,419,699,"1,186","1,460","1,813","2,147","2,147","2,907","3,385","3,782","4,152","4,400","4,979","5,770",
A1101,CENTRAL AND WESTERN / ISLANDS SOCIAL SECURITY FIELD UNIT,"4,907",74,210,358,548,748,960,"1,156","1,377","1,578","1,751","1,948","2,144","2,349","2,540","2,721",
A1102,SUN YAT SEN MEMORIAL PARK SPORTS CENTRE,"2,327",51,105,161,254,339,416,495,573,663,766,853,933,"1,038","1,140","1,231",
A1201,SHEUNG WAN POST OFFICE ,"5,315",59,196,382,620,863,"1,111","1,362","1,594","1,858","2,092","2,357","2,570","2,784","3,029","3,219",
A1301,SAN WUI COMMERCIAL SOCIETY SCHOOL,"1,991",42,89,158,237,315,392,471,558,648,764,845,926,997,"1,085","1,158",
A1302 ,SKH ST. MATTHEW'S PRIMARY SCHOOL,"4,532",52,163,335,554,748,987,"1,198","1,428","1,644","1,816","1,974","2,187","2,380","2,559","2,752",
A1401,TSUNG TSIN MISSION OF HONG KONG KAU YAN CHURCH AND KAU YAN SCHOOL,"6,583",114,287,533,833,"1,183","1,443","1,443","1,987","2,289","2,494","2,789","3,122","3,435","3,863","4,131",
A1501,LI SING PRIMARY SCHOOL ,"5,166",75,251,400,646,889,"1,138","1,368","1,583","1,819","2,007","2,195","2,441","2,677","2,988","3,288",
B0101 ,HENNESSY ROAD GOVERNMENT PRIMARY SCHOOL ,"5,521",48,185,365,607,826,"1,088","1,302","1,544","1,816","2,036","2,239","2,424","2,642","2,834","3,020",
B0201,TANG SHIU KIN VICTORIA GOVERNMENT SECONDARY SCHOOL,"5,057",70,193,372,554,782,979,"1,191","1,435","1,643","1,893","2,172","2,369","2,478","2,642","2,871",
B0301,FORMER WANCHAI SCHOOL ,"7,332",0,261,490,673,"1,162","1,362","1,362","1,886","2,180","2,757","3,069","3,069","3,616","3,787","4,031",
B0401,QUEEN'S COLLEGE,"8,029",86,253,498,828,"1,147","1,522","1,809","2,194","2,541","2,928","3,338","3,636","3,991","4,400","4,835",
B0501 ,ISLAND CHILDREN'S MONTESSORI SCHOOL,"1,491",19,62,108,184,272,343,410,488,558,635,700,775,826,900,989,
B0502,"COVERED CARPARK OF TSUEN WING LAU, LAI TAK TSUEN ","4,252",78,243,418,628,776,962,"1,162","1,372","1,551","1,684","1,874","2,105","2,253","2,426","2,595",
B0601,"WAN CHAI DISTRICT ARTS, CULTURAL, RECREATIONAL & SPORTS ASSOCIATION ","5,046",49,143,255,455,644,811,"1,001","1,173","1,420","1,614","1,820","1,988","2,144","2,346","2,549",
B0701,WAN CHAI DISTRICT WOMEN'S ASSOCIATION ,"5,756",67,192,393,609,840,"1,091","1,342","1,558","1,773","2,066","2,372","2,632","2,899","3,133","3,586",
B0801 ,CCC KUNG LEE COLLEGE ,"6,060",70,182,356,650,929,"1,162","1,413","1,709","2,032","2,256","2,589","2,910","3,203","3,490","3,863",
B0901 ,LEIGHTON HILL COMMUNITY HALL ,"5,438",54,163,312,522,738,991,"1,315","1,647","1,907","2,152","2,442","2,641","2,928","3,224","3,627",
B1001 ,WONG NAI CHUNG SPORTS CENTRE ,"5,202",68,225,345,546,796,"1,043","1,250","1,497","1,722","1,965","2,186","2,377","2,604","2,846","3,113",
B1101,PRECIOUS BLOOD PRIMARY SCHOOL,"1,186",32,58,100,152,228,293,331,377,435,498,541,582,627,709,759,
B1102,HONG KONG CHILDREN & YOUTH SERVICES SING WOO CHILDREN & YOUTH CENTRE,"1,742",36,63,95,163,211,294,369,461,562,628,702,759,827,909,986,
B1201,WAN CHAI POST OFFICE ,"4,718",70,183,337,528,725,940,"1,147","1,343","1,576","1,755","1,955","2,162","2,381","2,602","2,823",
B1301,METHODIST CENTRE ,"4,801",83,216,388,629,869,"1,061","1,233","1,428","1,633","1,830","2,023","2,203","2,404","2,623","2,769",
C0101,EASTERN DISTRICT JPC CLUB HOUSE,"8,948",97,288,537,805,"1,057","1,343","1,611","1,939","2,200","2,529","2,827","3,116","3,461","3,822","5,529",
C0201,ST. ANNA ANGLO-CHINESE KINDERGARTEN ,"5,092",69,197,336,528,730,954,"1,137","1,362","1,583","1,848","2,076","2,310","2,570","2,827","3,343",
C0202 ,TAI KOO SHING POST OFFICE,"4,946",83,169,323,543,754,"1,000","1,189","1,400","1,624","1,875","2,082","2,304","2,516","2,755","3,351",
C0301,SAI WAN HO HEALTH CENTRE ,"6,589",87,128,392,828,"1,125","1,426","1,814","2,054","2,341","2,672","2,982","3,349","3,579","3,871","4,705",
C0401,CCC KEI WAN PRIMARY SCHOOL (ALDRICH BAY),"11,461",153,397,774,"1,213","1,725","2,159","2,612","3,103","3,590","4,119","4,577","5,000","5,510","6,044","6,679",
C0501,SHAU KEI WAN POST OFFICE ,"5,720",85,225,401,632,867,"1,188","1,424","1,721","1,998","2,198","2,509","2,740","3,000","3,300","3,548",
C0601,ALDRICH BAY GOVERNMENT PRIMARY SCHOOL ,"5,799",66,166,347,589,810,"1,022","1,222","1,518","1,764","1,998","2,233","2,494","2,772","3,109","3,466",
C0602,SHAU KEI WAN GOVERNMENT PRIMARY SCHOOL ,"6,096",88,281,520,785,"1,067","1,306","1,566","1,781","2,036","2,297","2,533","2,761","3,012","3,245","3,446",
C0701,LINGNAN SECONDARY SCHOOL,"10,859",132,397,786,"1,195","1,834","2,321","2,957","3,486","4,099","4,705","5,278","5,880","6,471","7,059","8,192",
C0801,SKH LI FOOK HING SECONDARY SCHOOL ,"8,217",156,356,642,902,"1,261","1,592","1,944","2,272","2,611","2,990","3,320","3,651","3,969","4,387","4,731",
C0901,FUKIEN SECONDARY SCHOOL (SIU SAI WAN),"9,351",96,246,531,926,"1,377","1,778","2,198","2,657","3,181","3,664","4,109","4,544","4,921","5,362","6,148",
C1001,SIU SAI WAN COMMUNITY HALL ,"10,342",114,337,683,"1,051","1,444","1,846","2,319","2,679","3,125","3,595","4,049","4,644","5,111","5,444","5,885",
C1101,LINGNAN HANG YEE MEMORIAL SECONDARY SCHOOL ,"11,300",191,487,868,"1,315","1,830","2,304","2,763","3,236","3,768","4,366","4,849","5,353","5,807","6,431","7,086",
C1201,THE SALVATION ARMY CENTALINE CHARITY FUND SCHOOL,"8,549",114,287,601,877,"1,190","1,492","1,798","2,182","2,558","2,838","3,168","3,505","3,847","4,189","4,580",
C1301,COGNITIO COLLEGE (HONG KONG) ,"9,180",126,391,686,"1,096","1,457","1,760","2,117","2,461","2,819","3,155","3,517","3,783","4,150","4,444","4,773",
C1401,QUARRY BAY SPORTS CENTRE,"10,450",172,431,792,"1,212","1,619","1,993","2,448","2,876","3,316","3,776","4,270","4,698","5,213","5,659","6,090",
C1501,MAN KIU COLLEGE ,"7,007",96,273,459,742,"1,077","1,349","1,719","1,987","2,419","2,786","3,137","3,506","3,806","4,195","4,726",
C1601,CLEMENTI SECONDARY SCHOOL,"6,418",106,248,478,740,"1,077","1,324","1,603","1,937","2,267","2,603","2,905","3,191","3,478","3,771","4,226",
C1701,CAUSEWAY BAY COMMUNITY CENTRE,"4,185",61,175,304,529,730,892,"1,084","1,267","1,459","1,629","1,808","2,008","2,192","2,372","2,569",
C1801,JAVA ROAD SPORTS CENTRE,"10,217",167,433,779,"1,188","1,593","1,916","2,313","2,678","3,122","3,568","3,914","4,282","4,762","5,174","5,540",
C1802,HENRIETTA SECONDARY SCHOOL,"13,068",218,583,"1,103","1,686","2,308","2,865","3,476","4,126","4,814","5,428","5,992","6,563","7,186","7,840","8,390",
C1901,NORTH POINT METHODIST PRIMARY SCHOOL,"5,024",52,203,350,549,763,"1,017","1,231","1,490","1,752","1,969","2,206","2,483","2,724","2,949","3,197",
C2001,HKPA JOCKEY CLUB NORTH POINT ISLAND PLACE INTEGRATED SERVICE CENTRE FOR CHILDREN AND YOUTH ,"3,286",47,136,288,438,597,749,934,"1,115","1,272","1,447","1,577","1,757","1,931","2,094","2,265",
C2101,CHAN'S CREATIVE SCHOOL (HONG KONG ISLAND),"9,361",144,300,682,"1,125","1,633","2,057","2,057","2,057","3,614","4,000","4,441","4,768","5,204","5,676","6,108",
C2201,"CHINESE METHODIST SCHOOL, TANNER HILL","4,867",51,202,379,658,859,"1,138","1,367","1,625","1,811","2,016","2,197","2,391","2,576","2,775","3,020",
C2301,NORTH POINT GOVERNMENT PRIMARY SCHOOL ,"6,290",111,258,497,803,"1,077","1,338","1,593","1,878","2,166","2,432","2,668","2,922","3,231","3,509","3,786",
C2401,QUARRY BAY COMMUNITY HALL ,"8,623",109,478,790,"1,199","1,683","2,151","2,520","2,970","3,532","3,947","4,303","4,721","5,134","5,550","5,941",
C2501 ,BUDDHIST CHUNG WAH KORNHILL PRIMARY SCHOOL,"5,578",98,232,232,876,"1,242","1,547","1,702","2,063","2,319","2,560","2,888","3,170","3,440","3,852","4,161",
C2601,TAIKOO PRIMARY SCHOOL ,"9,730",132,328,676,"1,101","1,745","2,183","2,794","3,277","3,632","4,164","4,715","5,102","5,632","6,153","6,870",
C2701,CHING CHUNG HING TUNG KINDERGARTEN ,"6,175",93,253,486,718,967,"1,157","1,407","1,723","1,988","2,255","2,492","2,773","3,030","3,351","3,681",
C2702,ISLAMIC ABU BAKAR CHUI MEMORIAL KINDERGARTEN,"6,365",85,222,471,705,934,"1,143","1,448","1,719","1,986","2,243","2,465","2,793","3,062","3,347","3,825",
C2801,SAI WAN HO SPORTS CENTRE,"11,762",150,466,823,"1,421","1,889","2,404","2,869","3,419","3,948","4,472","4,980","5,548","6,059","6,607","7,199",
C2901,THE ENDEAVOURERS LEUNG LEE SAU YU MEMORIAL PRIMARY SCHOOL ,"7,492",88,281,523,831,"1,177","1,443","1,732","2,011","2,328","2,634","2,962","3,274","3,600","3,956","4,272",
C2902,SHAU KEI WAN KAI-FONG WELFARE ADVANCEMENT ASSOCIATION LTD. ,"3,750",60,166,300,441,651,824,"1,008","1,189","1,370","1,546","1,708","1,872","2,084","2,284","2,447",
C3001,"METHODIST EPWORTH VILLAGE COMMUNITY CENTRE, SOCIAL WELFARE - EPWORTH INTEGRATED YOUTH TEAM (YIU TUNG BASE) ","5,615",79,211,376,616,838,"1,059","1,249","1,445","1,705","1,946","2,178","2,411","2,665","2,916","3,306",
C3101,LUTHERAN PHILIP HOUSE HING MAN NURSERY SCHOOL,"4,886",66,175,338,521,754,918,"1,114","1,311","1,515","1,690","1,894","2,062","2,300","2,499","2,705",
C3102,ST. JAMES LUTHERAN KINDERGARTEN ,"4,973",136,236,364,563,776,922,"1,093","1,263","1,453","1,595","1,887","2,064","2,285","2,529","2,741",
C3201,MENG TAK CATHOLIC SCHOOL ,"6,836",88,238,509,768,"1,131","1,354","1,658","2,052","2,387","2,646","2,953","3,187","3,462","3,863","4,232",
C3301,CHAI WAN MATERNAL AND CHILD HEALTH CENTRE ,"4,090",67,182,306,487,717,875,"1,123","1,329","1,549","1,783","1,954","2,135","2,321","2,543","2,780",
C3401 ,YUE WAN COMMUNITY HALL ,"12,587",145,480,942,"1,514","2,026","2,563","3,056","3,612","4,248","4,940","5,445","5,932","6,425","7,051","7,579",
C3501,CHINESE YMCA OF HONG KONG-CHAI WAN CENTRE ,"6,207",102,235,421,641,868,"1,106","1,306","1,548","1,821","2,077","2,334","2,555","2,835","3,127","3,520",
D0101,ABERDEEN SPORTS CENTRE ,"10,460",173,401,744,"1,195","1,543","2,051","2,371","2,762","3,242","3,657","3,966","4,527","4,999","5,536","6,540",
D0201,AP LEI CHAU COMMUNITY HALL,"8,490",151,367,704,"1,034","1,395","1,603","1,891","2,161","2,494","2,494","3,132","3,401","3,755","4,037","4,311",
D0301,AP LEI CHAU SPORTS CENTRE ,"6,015",73,250,460,734,"1,011","1,304","1,614","1,797","2,082","2,329","2,573","2,851","3,129","3,496","3,821",
D0401,ST. PETER'S CATHOLIC PRIMARY SCHOOL ,"10,188",148,346,671,"1,023","1,405","1,762","2,202","2,538","2,944","3,352","3,817","4,225","4,652","5,110","5,616",
D0501,LEI TUNG COMMUNITY HALL ,"9,006",108,389,713,"1,021","1,309","1,603","1,898","2,183","2,551","2,876","3,198","3,550","3,888","4,215","4,625",
D0601,HONG KONG SOUTHERN DISTRICT GOVERNMENT PRIMARY SCHOOL ,"7,751",130,342,637,"1,080","1,505","1,872","2,248","2,565","3,070","3,524","3,928","4,328","4,708","5,258","5,813",
D0701,SOUTH HORIZONS NEIGHBOURHOOD COMMUNITY CENTRE ,"8,569",118,374,688,"1,074","1,545","1,993","2,467","2,942","3,389","3,803","4,265","4,764","5,201","6,877","6,528",
D0801,WAH KWAI COMMUNITY HALL ,"10,887",110,398,763,"1,211","1,595","1,926","2,336","2,701","3,178","3,605","4,112","4,540","4,926","5,451","6,009",
D0901,CARITAS CHONG YUET MING SECONDARY SCHOOL ,"7,650",109,348,609,909,"1,153","1,382","1,640","1,895","2,163","2,439","2,736","3,031","3,362","3,583","3,867",
D1001 ,TWGHS HOK SHAN SCHOOL ,"8,718",127,317,675,888,"1,163","1,445","1,751","2,056","2,341","2,699","3,019","3,341","3,649","3,995","4,333",
D1101 ,SASSOON ROAD ASSEMBLY HALL,"1,515",25,44,87,132,189,240,301,351,438,512,574,613,674,737,804,
D1102,PLAYGROUND OF UPPER BAGUIO VILLA ,"2,310",30,79,142,289,325,422,532,625,729,891,993,"1,113","1,248","1,385","1,509",
D1103,CYBERPORT POST OFFICE ,"2,071",38,87,184,279,389,484,592,726,844,959,"1,048","1,130","1,239","1,352","1,444",
D1201,SHINE SKILLS CENTRE (POKFULAM),778,10,29,55,71,97,114,131,154,187,210,248,270,300,320,367,
D1202,CHI FU COMMUNITY HALL ,"8,492",207,491,815,"1,216","1,698","2,058","2,481","2,902","3,264","3,672","4,112","4,556","4,930","5,362","5,961",
D1301,CARITAS JOCKEY CLUB ABERDEEN SOCIAL CENTRE ,"2,319",36,70,119,221,293,389,468,574,668,767,859,969,"1,066","1,208","1,321",
D1302,SKH TIN WAN CHI NAM PRIMARY SCHOOL ,"6,764",102,307,458,721,956,"1,441","1,357","1,550","1,789","2,031","2,317","2,552","2,860","3,161","3,380",
D1401,ABERDEEN ST. PETER'S CATHOLIC PRIMARY SCHOOL,"11,369",123,371,700,"1,051","1,384","1,769","2,100","2,100","2,977","3,385","3,668","3,963","4,378","4,887","5,604",
D1501,ABERDEEN TENNIS AND SQUASH CENTRE ,"2,638",21,91,178,289,386,499,618,720,836,948,"1,043","1,164","1,285","1,416","1,577",
D1502,SOUTHERN DISTRICT ELDERLY COMMUNITY CENTRE,"6,261",219,301,501,705,955,"1,231","1,441","1,701","2,015","2,311","2,626","2,915","3,160","3,498","3,944",
D1601,WONG CHUK HANG SPORTS CENTRE ,"1,733",34,51,120,189,254,323,369,438,521,615,704,784,824,883,963,
D1602 ,HONG KONG INTERNATIONAL SCHOOL ,"2,049",33,78,138,222,326,380,443,529,631,725,821,906,986,"1,090","1,179",
D1701,STANLEY COMMUNITY HALL ,"6,472",138,322,557,806,"1,064","1,296","1,548","1,755","1,995","2,216","2,472","2,729","2,991","3,214","3,549",
D1702 ,MEDICAL CLINIC OF SHEK O HEALTH CENTRE ,"1,208",17,48,100,170,248,301,374,438,438,464,506,556,608,678,744,
E0101,YAN OI TONG CHAN CHENG YUK YEE KINDERGARTEN ,"4,259",62,157,294,521,718,927,"1,129","1,362","1,591","1,751","1,936","2,122","2,358","2,615","2,896",
E0201,KOWLOON PARK SPORTS CENTRE ,"12,048",151,348,703,"1,061","1,401","1,800","2,237","2,681","3,066","3,567","3,981","4,439","4,775","5,259","5,659",
E0401,HENRY G. LEONG YAUMATEI COMMUNITY CENTRE,"7,837",107,293,521,841,"1,159","1,496","1,734","2,078","2,422","2,758","3,019","3,349","3,678","3,997","4,427",
E0501 ,YAUMATI CATHOLIC PRIMARY SCHOOL (HOI WANG ROAD) ,"13,549",197,523,907,"1,396","1,922","2,491","3,042","3,605","4,200","4,746","5,326","5,969","6,462","7,164","8,390",
E0601,MONG KOK COMMUNITY HALL ,"5,906",71,175,362,570,757,955,"1,153","1,318","1,557","1,745","1,969","2,164","2,337","2,521","2,678",
E0701,DOMINIC SAVIO KINDERGARTEN (OLYMPIC BRANCH) ,"5,732",79,252,516,749,931,"1,133","1,307","1,515","1,712","1,951","2,152","2,392","2,656","2,889","3,134",
E0801,HONG KONG SOCIETY FOR THE PROTECTION OF CHILDREN BOC NURSERY SCHOOL ,"5,473",43,185,365,598,837,"1,103","1,454","1,717","1,976","2,262","2,549","2,819","3,110","3,388","3,832",
E0901,SHARON LUTHERAN SCHOOL ,"5,509",88,227,408,639,860,"1,108","1,356","1,562","1,826","2,023","2,249","2,472","2,730","3,004","3,236",
E1001 ,TAI KOK TSUI CATHOLIC PRIMARY SCHOOL ,"6,574",98,253,489,713,"1,072","1,185","1,434","1,696","1,957","2,267","2,580","2,847","3,145","3,438","3,746",
E1101,CCC KEI TSUN PRIMARY SCHOOL ,"7,741",125,326,623,985,"1,280","1,549","2,002","2,326","2,698","3,086","3,511","3,782","4,149","4,527","4,868",
E1201,FRESH FISH TRADERS' SCHOOL ,"7,557",113,274,494,785,"1,100","1,394","1,674","1,993","2,302","2,639","2,943","3,238","3,535","3,805","4,093",
E1301 ,SKH KEI WING PRIMARY SCHOOL,"6,365",96,241,441,670,896,"1,108","1,364","1,635","1,892","2,128","2,370","2,591","2,824","3,044","3,273",
E1401 ,BOUNDARY STREET SPORTS CENTRE NO. 1 ,"6,163",102,277,499,730,987,"1,247","1,503","1,729","1,998","2,252","2,491","2,729","3,001","3,268","3,578",
E1501 ,G.T. (ELLEN YEUNG) COLLEGE ,"5,560",59,183,365,585,792,960,"1,155","1,393","1,620","1,848","2,048","2,222","2,419","2,600","2,838",
E1601,TWGHS LO YU CHIK PRIMARY SCHOOL ,"5,324",70,214,400,578,799,966,"1,172","1,411","1,612","1,864","2,037","2,274","2,468","2,693","2,931",
E1701,YAUMATI KAIFONG ASSOCIATION SCHOOL,"3,043",45,114,239,373,540,637,772,955,"1,099","1,212","1,324","1,546","1,661","1,819","1,955",
E1702,POLYU HUNG HOM BAY CAMPUS ,568,6,21,40,63,98,116,145,179,202,226,255,283,301,323,340,
E1901 ,JORDAN ROAD GOVERNMENT PRIMARY SCHOOL ,"10,752",125,337,716,"1,032","1,460","1,875","2,266","2,687","3,149","3,611","3,989","4,431","4,739","5,072","5,479",
F0101,PO ON ROAD SPORTS CENTRE ,"7,631",95,269,528,774,"1,078","1,456","1,764","2,077","2,430","2,751","3,102","3,416","3,660","4,004","4,402",
F0201,FUK WING STREET GOVERNMENT PRIMARY SCHOOL ,"6,824",73,223,469,686,"1,015","1,379","1,687","1,982","2,321","2,603","2,928","3,202","3,536","3,912","4,293",
F0301,YING WA GIRLS' SCHOOL ,"5,870",63,212,423,624,872,"1,038","1,297","1,540","1,762","1,984","2,172","2,378","2,606","2,878","3,156",
F0401 ,SHEK KIP MEI COMMUNITY HALL ,"10,482",129,432,870,"1,322","1,703","2,091","2,529","2,906","3,342","3,713","4,135","4,549","4,903","5,358","5,817",
F0501,TSUNG TSIN MISSION OF HONG KONG ON HONG NURSERY SCHOOL ,"6,444",83,241,483,760,"1,020","1,213","1,464","1,729","2,001","2,248","2,483","2,733","3,015","3,330","3,623",
F0601,SHAMSHUIPO KAIFONG WELFARE ADVANCEMENT ASSOCIATION ,"6,445",87,253,461,697,932,"1,113","1,393","1,634","1,934","2,118","2,422","2,623","2,856","3,150","3,398",
F0701 ,PEI HO STREET SPORTS CENTRE ,"4,986",78,201,350,549,748,921,"1,105","1,265","1,447","1,631","1,824","1,985","2,155","2,337","2,495",
F0801 ,NAM CHEONG DISTRICT COMMUNITY CENTRE ,"7,720",96,251,467,720,973,"1,217","1,488","1,742","2,036","2,311","2,579","2,944","3,240","3,671","3,943",
F0901,YING WA COLLEGE ,"11,250",168,457,457,"1,339","1,611","2,037","2,336","2,731","3,127","3,590","4,030","4,510","4,967","5,647","6,173",
F1001,LAI KOK COMMUNITY HALL ,"9,105",104,357,669,"1,055","1,445","1,782","2,294","2,521","2,906","3,262","3,681","3,938","4,310","4,662","5,082",
F1101,HOI PING CHAMBER OF COMMERCE PRIMARY SCHOOL,"6,125",134,360,573,793,"1,056","1,245","1,453","1,777","2,019","2,234","2,482","2,725","2,971","3,299","3,559","
"
F1201,SKH ST. MARY'S CHURCH MOK HING YIU COLLEGE ,"10,722",162,433,817,"1,192","1,615","1,997","2,485","3,082","3,082","3,082","4,696","4,919","5,453","5,840","6,516",
F1301,MEI FOO SUN CHUEN COMMUNITY CENTRE,"8,730",101,315,614,"1,007","1,375","1,854","2,288","2,703","3,157","3,621","4,011","4,430","4,818","5,369","5,933",
F1401 ,POH MEI FOO LAI WAN KAIFONG ASSOCIATION MR. AND MRS.LEUNG CHI CHIM ELDERLY HEALTH SUPPORT AND LEARNING CENTRE,"7,442",107,288,548,890,"1,231","1,563","1,945","2,293","2,738","3,064","3,413","3,783","4,090","4,468","4,971",
F1501,LAI CHI KOK PARK SPORTS CENTRE ,"8,175",143,353,668,"1,086","1,504","1,831","2,237","2,652","3,070","3,455","3,854","4,182","4,556","5,013","5,520",
F1601,LAI CHI KOK COMMUNITY HALL,"7,565",95,267,534,960,"1,287","1,683","1,683","3,366","3,366","3,599","4,037","4,343","4,845","5,289","5,833",
F1701 ,FIVE DISTRICTS BUSINESS WELFARE ASSOCIATION SCHOOL,"4,583",82,215,390,590,769,936,"1,140","1,317","1,527","1,745","1,922","2,127","2,305","2,540","2,753",
F1801 ,CHEUNG SHA WAN SPORTS CENTRE ,"10,420",164,512,970,"1,459","1,854","2,258","2,673","3,084","3,463","3,829","4,200","4,587","4,932","5,328","5,791",
F1901,CHEUNG SHA WAN COMMUNITY CENTRE ,"9,260",116,388,716,"1,064","1,440","1,761","2,157","2,523","2,906","3,343","3,578","3,962","4,312","4,727","5,092",
F2001,PAK TIN COMMUNITY HALL ,"7,895",91,261,564,784,"1,097","1,321","1,625","1,880","2,195","2,477","2,751","3,055","3,394","3,719","4,072",
F2101,OUR LADY OF THE ROSARY COLLEGE ,"5,918",82,202,394,610,846,"1,166","1,445","1,716","2,006","2,297","2,530","2,871","3,165","3,517","3,987",
F2201,TAI HANG TUNG COMMUNITY CENTRE,"8,996",126,336,722,"1,080","1,439","1,719","2,027","2,438","2,805","3,196","3,562","3,980","4,297","4,682","5,012",
F2301 ,PAK TIN CATHOLIC PRIMARY SCHOOL ,"3,797",35,139,281,411,524,639,770,924,"1,105","1,249","1,405","1,589","1,769","1,926","2,076",
F2302,"CHAK ON CENTRE, CITY UNIVERSITY OF HONG KONG ","4,597",74,213,369,529,728,909,"1,064","1,261","1,457","1,655","1,872","2,057","2,257","2,444","2,811",
G0101,MA TAU CHUNG GOVERNMENT PRIMARY SCHOOL ,"9,364",104,351,696,"1,080","1,483","1,859","2,183","2,543","2,988","3,399","3,748","4,166","4,607","5,059","5,477",
G0201,TO KWA WAN SPORTS CENTRE ,"13,250",197,589,"1,115","1,694","2,193","2,640","3,219","3,783","4,367","4,914","5,313","6,038","6,532","7,006","7,738",
G0301,PLK LAM MAN CHAN ENGLISH PRIMARY SCHOOL,"9,598",170,434,870,"1,146","1,525","1,904","2,218","2,590","2,947","3,398","3,890","4,248","4,602","5,064","5,522",
G0401,ST. EUGENE DE MAZENOD OBLATE PRIMARY SCHOOL ,"8,762",85,335,335,"1,086","1,438","1,729","2,104","2,462","2,848","3,244","3,619","3,896","4,281","4,709","5,169",
G0501,ST. MONICA'S KINDERGARTEN ,"5,543",99,265,486,703,935,"1,143","1,326","1,503","1,727","1,955","2,174","2,388","2,612","2,799","3,055",
G0502,YMMSS HOMANTIN INTEGRATED CENTRE FOR YOUTH DEVELOPMENT ,"4,523",86,217,423,611,793,926,"1,069","1,256","1,425","1,654","1,856","2,011","2,219","2,403","2,569",
G0601 ,YU CHUN KEUNG MEMORIAL COLLEGE,"6,133",93,267,451,710,"1,002","1,352","1,625","1,878","2,192","2,478","2,732","3,022","3,250","3,551","3,924",
G0602,HOMANTIN GOVERNMENT SECONDARY SCHOOL ,"3,234",47,132,256,398,538,676,818,951,"1,067","1,236","1,377","1,564","1,662","1,809","2,024",
G0701 ,CARITAS COMMUNITY CENTRE - KOWLOON ,"3,209",32,99,184,328,485,592,706,832,982,"1,125","1,298","1,449","1,594","1,796","2,001",
G0702 ,KOWLOON CHAMBER OF COMMERCE ,"4,963",74,196,312,550,798,"1,006","1,228","1,453","1,710","1,901","2,106","2,380","2,611","2,831","3,080",
G0801,JOCKEY CLUB GOVERNMENT SECONDARY SCHOOL ,"6,566",92,218,458,706,"1,028","1,295","1,514","1,795","2,079","2,366","2,734","2,982","3,255","3,578","3,882",
G0901,KOWLOON TONG GOVERNMENT PRIMARY SCHOOL ,"6,446",97,228,401,677,981,"1,250","1,555","1,848","2,156","2,500","2,819","3,009","3,268","3,599","3,919",
G0902,KOWLOON FUNFUL KINDERGARTEN & CHILDREN'S CORNER,"1,016",20,40,66,100,178,215,238,288,338,404,447,486,517,552,599,
G1001,KOWLOON CITY SPORTS CENTRE,"6,025",61,186,393,612,794,983,"1,187","1,397","1,634","1,839","2,060","2,290","2,513","2,739","2,921",
G1101,HOLY TRINITY PRIMARY SCHOOL ,"6,640",66,201,447,716,"1,002","1,174","1,515","1,790","2,078","2,392","2,623","2,875","3,060","3,435","3,717",
G1201,PLK WAN LAM MAY YIN SHIRLEY NEIGHBORHOOD ELDERLY CENTRE,"5,233",107,249,462,669,852,102,"1,219","1,379","1,605","1,802","1,992","2,192","2,402","2,643","2,859",
G1301,BUDDHIST MR & MRS CHAN CHART MAN KINDERGARTEN ,"7,791",211,506,824,"1,181","1,475","1,654","1,956","2,189","2,520","2,813","3,078","3,418","3,698","3,990","4,325",
G1501 ,ELCHK HUNG HOM LUTHERAN PRIMARY SCHOOL ,"5,341",86,212,444,678,872,"1,055","1,254","1,421","1,606","1,809","1,998","2,197","2,387","2,549","2,734",
G1601 ,CCC KEI TO SECONDARY SCHOOL ,"5,875",85,212,367,585,830,"1,015","1,250","1,447","1,720","1,939","2,148","2,380","2,610","2,852","3,132",
G1701 ,POH MRS YAM WING YIN KINDERGARTEN DAY NURSERY,"4,581",54,150,277,461,671,902,"1,117","1,334","1,527","1,749","1,950","2,194","2,376","2,650","3,014",
G1702,HUNG HOM COMMUNITY HALL ,"4,290",60,185,335,519,640,803,973,"1,173","1,378","1,536","1,700","1,850","2,057","2,255","2,466",
G1801,GCE PAST STUDENTS' ASSOCIATION WHAMPOA PRIMARY SCHOOL,"10,228",112,401,740,"1,158","1,621","2,126","2,806","3,148","3,744","4,289","4,757","5,314","5,766","6,291","7,202",
G1901,MA TAU CHUNG GOVERNMENT PRIMARY SCHOOL (HUNG HOM BAY),"3,192",42,113,217,383,558,692,865,"1,042","1,222","1,378","1,531","1,698","1,838","2,054","2,233",
G1902,HONG KONG CHILDREN & YOUTH SERVICES JOCKEY CLUB FONG SHU CHUEN INTEGRATED CHILDREN AND YOUTH SERVICES CENTRE,"3,157",42,146,283,408,547,723,889,"1,067","1,194","1,330","1,479","1,628","1,781","1,993","2,219",
G2001 ,SKH HOLY CARPENTER SECONDARY SCHOOL ,"9,804",88,311,644,"1,098","1,566","1,965",2,"2,863","3,420","3,816","4,296","4,677","4,956","5,487","6,068",
G2101,HUNG HOM MUNICIPAL SERVICES BUILDING SPORTS CENTRE ,"8,495",116,357,708,"1,034","1,331","1,691","1,905","2,218","2,546","2,890","3,193","3,400","3,746","4,111","4,371",
G2201 ,AOI PUI SCHOOL ,"5,576",101,267,489,724,933,"1,217","1,384","1,657","1,958","2,246","2,440","2,645","2,841","3,118","3,362",
G2301,HO MAN TIN SPORTS CENTRE ,"7,490",100,274,513,797,"1,064","1,335","1,555","1,805","2,144","2,417","2,717","3,015","3,304","3,645","3,967",
G2401,MARTHA BOSS LUTHERAN COMMUNITY CENTRE ,"10,622",106,396,707,"1,205","1,642","2,050","2,467","3,005","3,500","3,941","4,461","4,808","5,287","5,830","6,375",
H0101,WONG TAI SIN COMMUNITY CENTRE ,"12,292",134,470,916,"1,361","1,882","2,290","2,812","3,290","3,783","4,304","4,775","5,240","5,602","6,123","6,651",
H0201,SKH KEI TAK PRIMARY SCHOOL ,"10,864",120,312,645,"1,040","1,427","1,800","2,185","2,608","3,115","3,526","3,816","4,241","4,740","5,115","5,590",
H0301,LUNG CHEUNG GOVERNMENT SECONDARY SCHOOL ,"7,292",148,385,385,913,"1,108","1,319","1,645","1,806","2,127","2,354","2,587","2,862","3,100","3,453","3,796",
H0401,SIK SIK YUEN CLINIC ,"6,269",95,265,467,719,"1,001","1,407","1,726","1,726","2,175","2,175","2,857","2,857","3,296","6,403","3,873",
H0501,FUNG TAK ESTATE COMMUNITY CENTRE ,"12,509",100,359,665,"1,130","1,607","2,082","2,552","2,990","3,488","4,010","4,394","4,871","5,306","5,827","6,465",
H0601,THE BOYS' & GIRLS' CLUBS ASSOCIATION OF HONG KONG JOCKEY CLUB TSZ WAN SHAN CHILDREN & YOUTH INTEGRATED SERVICES CENTRE,"6,417",85,229,446,690,995,"1,254","1,556","1,834","2,117","2,435","2,744","3,048","3,355","3,703","4,103",
H0602,PLK MRS MARIA CHEUNG LIFELONG LEARNING INSTITUTE FOR THE SENIOR ,"4,160",77,195,339,503,663,847,"1,093","1,288","1,497","1,685","1,885","2,124","2,343","2,602","3,026",
H0701 ,HO LAP COLLEGE (SPONSORED BY THE SIK SIK YUEN),"4,602",49,197,350,580,772,928,"1,098","1,281","1,455","1,639","1,833","2,022","2,223","2,423","2,627",
H0702 ,CANOSSA PRIMARY SCHOOL (SAN PO KONG) ,"6,042",79,259,469,699,974,"1,189","1,427","1,678","1,933","2,205","2,444","2,746","3,039","3,339","3,671",
H0801 ,TUNG TAU COMMUNITY CENTRE ,"10,102",136,437,745,"1,190","1,521","1,921","2,355","2,653","3,135","3,559","3,947","4,300","4,718","5,106","5,541",
H0901,BISHOP WALSH PRIMARY SCHOOL ,"5,475",147,265,472,631,796,"1,072","1,161","1,315","1,492","1,705","1,898","2,054","2,244","2,454","2,657",
H1001,MORSE PARK SPORTS CENTRE ,"10,968",108,318,606,988,"1,364","1,690","2,030","2,394","2,850","3,265","3,692","4,084","4,499","4,932","5,379",
"H1101
",THE HONG KONG FEDERATION OF YOUTH GROUPS JOCKEY CLUB WANG TAU HOM YOUTH S.P.O.T. ,"5,343",72,202,371,583,802,999,"1,253","1,462","1,692","1,877","2,125","2,305","2,511","2,743","2,937",
H1102,HONG KONG FEDERATION OF HANDICAPPED YOUTH JOCKEY CLUB ACTIVITY CENTER,"5,542",72,185,370,538,779,942,"1,129","1,309","1,569","1,789","2,019","2,212","2,397","2,623","2,881",
H1201,PRICE MEMORIAL CATHOLIC PRIMARY SCHOOL,"5,798",109,299,498,789,"1,022","1,282","1,546","1,797","2,096","2,340","2,616","2,875","3,159","3,461","3,750",
H1202,KIT SAM LAM BING YIM SECONDARY SCHOOL,"3,958",45,142,302,453,634,780,956,"1,118","1,298","1,480","1,702","1,840","2,054","2,246","2,535",
H1301,HO TAK KINDERGARTEN (SPONSORED BY SIK SIK YUEN),"4,965",49,155,323,493,643,808,"1,013","1,170","1,376","1,584","1,780","1,976","2,141","2,320","2,566",
H1302,"LEVEL 5, TSUI CHUK COMMERCIAL COMPLEX ","7,190",96,270,524,796,"1,103","1,347","1,645","1,938","2,203","2,452","2,751","3,024","3,339","3,682","4,058",
H1401,CHUK YUEN ESTATE COMMUNITY CENTRE,"4,689",71,220,434,614,794,942,"1,104","1,264","1,432","1,600","1,752","1,913","2,109","2,246","2,393",
H1402,BAPTIST RAINBOW PRIMARY SCHOOL ,"3,971",58,127,245,408,562,695,858,994,"1,144","1,326","1,481","1,625","1,788","1,935","2,114",
H1501,CHUK YUEN SPORTS CENTRE,"11,125",127,376,702,996,"1,384","1,762","2,214","2,559","2,985","3,487","3,810","4,225","4,664","5,089","5,671",
H1601 ,TSZ WAN SHAN (SOUTH) ESTATE COMMUNITY CENTRE ,"11,622",172,508,861,"1,254","1,693","2,029","2,421","2,823","3,262","3,779","4,202","4,609","5,140","5,636","6,163",
H1701 ,CHIU HA KINDERGARTEN,"9,965",121,366,751,"1,115","1,513","1,888","2,300","2,658","3,036","3,480","3,903","4,300","4,741","5,257","5,805",
H1801 ,TWS ST. BONAVENTURE CATHOLIC PRIMARY SCHOOL,"12,237",176,428,839,"1,198","1,641","2,092","2,548","3,004","3,500","3,956","4,325","4,915","5,397","5,977","6,583",
H1901,TAK OI SECONDARY SCHOOL,"11,576",109,294,650,"1,044","1,410","1,799","2,250","2,735","3,153","3,697","4,187","4,580","5,134","5,734","6,412",
H2001,HONG KONG SEA CADET CORPS,"4,988",116,284,506,734,"1,009","1,799","1,480","1,699","1,960","2,202","2,423","2,647","2,846","3,050","3,326",
H2002,HONG KONG PLAYGROUND ASSOCIATION JOCKEY CLUB KING FU INTEGRATED SERVICE CENTRE FOR CHILDREN & YOUTH,"7,456",94,269,611,854,"1,164","1,579","1,579","2,194","2,361","2,648","2,994","3,229","3,638","3,852","4,404",
H2101,PLK ANITA L. L. CHAN (CENTENARY) SCHOOL ,"8,643",153,373,664,"1,012","1,404","1,805","2,161","2,509","2,856","3,239","3,653","3,966","4,360","4,742","5,193",
H2201,HONG KONG KINDERGARTEN ASSOCIATION PRE-SCHOOL,"7,465",64,239,502,797,"1,064","1,325","1,587","1,859","2,139","2,445","2,717","2,991","3,272","3,580","3,906",
H2301 ,CHOI WAN ESTATE COMMUNITY CENTRE,"7,286",114,331,598,765,"1,103","1,324","1,614","1,887","2,226","2,484","2,770","3,036","3,429","3,707","4,063",
H2401,BUDDHIST HUNG SEAN CHAU MEMORIAL COLLEGE,"6,447",76,269,511,837,"1,164","1,468","1,801","2,079","2,348","2,649","2,979","3,237","3,504","3,851","4,184",
H2402,CCC KEI WA PRIMARY SCHOOL ,"3,488",79,206,336,479,611,727,867,997,"1,129","1,264","1,400","1,520","1,673","1,771","1,866",
H2501,SKH ST. BENEDICT'S SCHOOL,"8,125",102,310,630,962,"1,239","1,529","1,797","2,153","2,427","2,802","3,096","3,401","3,885","4,098","4,364",
J0101,KWUN TONG GOVERNMENT PRIMARY SCHOOL,"3,875",45,127,245,384,520,678,871,"1,039","1,198","1,353","1,532","1,664","1,807","1,980","2,110",
J0102,KWUN TONG COMMUNITY CENTRE ,"3,598",56,146,274,397,527,633,764,872,994,"1,126","1,252","1,389","1,507","1,652","1,812",
J0201 ,TELFORD GARDENS COMMUNITY HALL,"7,005",81,301,607,895,"1,258","1,548","1,874","2,204","2,536","2,903","3,307","3,660","3,971","4,387","4,910",
J0301,KAI YIP COMMUNITY HALL,"6,762",155,395,720,"1,005","1,265","1,449","1,755","1,993","2,286","2,530","2,802","3,021","3,232","3,465","3,676",
J0401,YAN CHAI HOSPITAL LAW CHAN CHOR SI COLLEGE,"10,318",113,347,726,"1,217","1,647","2,045","2,525","2,907","3,372","3,823","4,289","4,741","5,191","5,721","6,396",
J0501 ,PING SHEK ESTATE CATHOLIC PRIMARY SCHOOL ,"7,940",47,262,551,900,"1,247","1,499","1,775","2,094","2,407","2,737","3,086","3,325","3,630","3,860","4,211",
J0601,JORDAN VALLEY ST. JOSEPH'S CATHOLIC PRIMARY SCHOOL ,"8,724",105,328,614,962,"1,292","1,595","1,883","2,187","2,500","2,836","3,145","3,475","3,827","4,169","4,471",
J0701,HONG KONG CHRISTIAN SERVICE BLISS DISTRICT ELDERLY COMMUNITY CENTRE,"5,471",63,202,379,587,752,914,"1,147","1,310","1,496","1,678","1,880","2,079","2,294","2,533","2,819",
J0702,CHOI HA ESTATE KIT SAM KINDERGARTEN ,"4,146",58,148,293,434,596,727,872,"1,025","1,184","1,333","1,506","1,648","1,783","1,937","2,107",
J0801,NING PO NO. 2 COLLEGE ,"8,591",80,294,580,924,"1,238","1,491","1,798","2,127","2,389","2,694","3,006","3,318","3,641","3,976","4,480",
J0901 ,SHUN LEE ESTATE COMMUNITY CENTRE ,"6,203",89,248,441,717,"1,005","1,216","1,442","1,715","1,913","2,218","2,422","2,674","2,907","3,182","3,450",
J0902 ,CCC KEI SHUN SPECIAL SCHOOL ,"7,446",66,224,461,729,"1,116","1,677","1,964","2,229","2,699","2,963","3,293","3,542","3,956","4,301","4,797",
J1001,CARMEL LEUNG SING TAK SCHOOL,"7,177",96,358,611,890,"1,117","1,369","1,595","1,850","2,187","2,471","2,678","2,937","3,185","3,409","3,657",
J1101,SAU MAU PING CATHOLIC PRIMARY SCHOOL ,"11,346",159,395,828,"1,229","1,711","2,044","2,390","2,781","3,249","3,654","4,070","4,476","4,948","5,514","6,109",
J1201,THE MISSION COVENANT CHURCH HOLM GLAD PRIMARY SCHOOL,"9,008",93,330,670,"1,012","1,380","1,628","1,930","2,253","2,560","2,902","3,233","3,522","3,833","4,180","4,613",
J1301,CHAN MUNG YAN LUTHERAN KINDERGARTEN ,"6,587",123,291,544,833,"1,086","1,320","1,558","1,829","2,117","2,392","2,649","2,942","3,206","3,516","4,059",
J1302 ,CASMP CHEN LEE WING TSING KINDERGARTEN ,"5,210",75,189,376,577,763,973,"1,170","1,385","1,612","1,815","2,087","2,306","2,531","2,776","3,201",
J1401,KWUN TONG GOVERNMENT PRIMARY SCHOOL (SAU MING ROAD) ,"7,906",118,310,567,874,"1,162","1,405","1,677","1,946","2,225","2,540","2,873","3,219","3,489","3,888","4,267",
J1402,CNEC KEI SHEK CHURCH ,"2,398",31,52,176,259,329,402,467,551,631,735,841,910,"1,010","1,110","1,232",
J1501,SAU MING PRIMARY SCHOOL ,"9,170",104,397,709,"1,091","1,440","1,749","2,014","2,322","2,699","3,000","3,284","3,610","3,953","4,285","4,680",
J1601,ST. EDWARD'S CATHOLIC PRIMARY SCHOOL ,"9,425",130,406,740,"1,117","1,493","1,857","2,207","2,537","2,938","3,344","3,713","4,005","4,345","4,764","5,087",
J1701,ST. PAUL'S SCHOOL (LAM TIN) ,"3,541",64,166,315,442,573,707,850,948,"1,080","1,195","1,330","1,472","1,603","1,744","1,914",
J1702,FEI NGAN KINDERGARTEN ,"6,833",109,234,531,782,"1,048","1,373","1,583","1,837","2,119","2,408","2,679","2,924","3,173","3,480","3,849",
J1801,LAM TIN (EAST) COMMUNITY HALL ,"9,786",138,416,896,"1,376","1,655","2,004","2,378","2,767","3,178","3,592","3,921","4,259","4,590","4,907","5,281",
J1802,LAM TIN (SOUTH) SPORTS CENTRE ,"7,983",111,299,532,898,"1,298","1,672","1,972","2,356","2,681","3,036","3,392","3,695","3,990","4,424","4,848",
J1901,SKH LEE SHIU KEUNG PRIMARY SCHOOL,"10,707",96,338,716,"1,144","1,589","1,863","2,288","2,645","3,037","3,440","3,833","4,211","4,616","5,161","5,628",
J2001,SKH KINDLY LIGHT CHURCH HOLY CARPENTER KINDERGARTEN,"5,342",66,211,413,669,890,"1,118","1,356","1,587","1,837","2,070","2,272","2,488","2,763","3,000","3,352",
J2101,PLK MRS FONG WONG KAM CHUEN KINDERGARTEN ,"6,113",88,232,435,656,851,"1,098","1,296","1,527","1,764","2,011","2,240","2,497","2,772","3,050","3,650",
J2201 ,CCC KEI FAAT PRIMARY SCHOOL (YAU TONG) ,"8,767",119,352,596,871,"1,133","1,450","1,756","2,050","2,382","2,731","3,050","3,379","3,733","4,100","4,480",
J2301,YAU TONG COMMUNITY HALL,"11,832",164,443,842,"1,281","1,766","2,160","2,614","3,048","3,551","4,059","4,489","4,868","5,315","5,922","6,696",
J2302 ,FUKIEN SECONDARY SCHOOL AFFILIATED SCHOOL,"4,935",52,158,362,561,762,"1,029","1,252","1,485","1,722","1,921","2,115","2,232","2,467","2,761","3,039",
J2401,PO CHIU CATHOLIC SECONDARY SCHOOL ,"8,014",82,280,561,840,"1,135","1,370","1,655","1,939","2,282","2,592","2,855","3,158","3,457","3,760","4,186",
J2402,LEI YUE MUN SPORTS CENTRE ,"1,068",8,49,88,104,160,200,267,313,364,416,458,490,527,553,617,
J2501 ,SAI TSO WAN NEIGHBOURHOOD COMMUNITY CENTRE ,"11,980",125,414,858,"1,398","1,935","2,429","2,880","3,419","4,065","4,564","5,224","5,890","6,196","6,724","8,496",
J2601,LAM TIN (WEST) ESTATE COMMUNITY CENTRE,"11,670",161,448,796,"1,279","1,706","2,251","2,251","3,273","3,781","4,179","4,816","5,094","5,545","5,987","7,457",
J2701 ,OUR LADY OF CHINA CATHOLIC PRIMARY SCHOOL,"11,958",86,382,789,"1,239","1,667","2,047","2,653","3,024","3,313","3,785","4,153","4,596","4,975","5,386","5,871",
J2801,KWUN TONG MARYKNOLL COLLEGE ,"9,158",87,274,582,873,"1,196","1,541","1,856","2,187","2,538","2,897","3,228","3,570","3,929","4,354","4,761",
J2901 ,DELIA MEMORIAL SCHOOL (YUET WAH) ,"7,213",97,291,595,894,"1,231","1,550","1,796","2,133","2,427","2,750","3,049","3,315","3,602","3,955","4,405",
J3001,SHUI WO STREET SPORTS CENTRE ,"4,527",114,323,509,719,854,971,"1,125","1,268","1,425","1,570","1,748","1,878","2,037","2,177","2,302",
J3002,HIU KWONG STREET SPORTS CENTRE ,"3,720",57,190,304,460,621,798,930,"1,105","1,263","1,451","1,635","1,781","1,944","2,116","2,325",
J3101 ,KWUN TONG KUNG LOK GOVERNMENT SECONDARY SCHOOL ,"7,720",118,328,673,949,"1,230","1,510","1,829","2,126","2,396","2,758","3,035","3,338","3,672","4,093","4,491",
J3201 ,SKH KEI HIN PRIMARY SCHOOL,"8,934",157,351,682,999,"1,333","1,593","1,944","2,238","2,568","2,907","3,262","3,587","3,894","4,252","4,630",
J3301,KWUN TONG METHODIST SOCIAL SERVICE NGAU TAU KOK YOUTH INTEGRATED SERVICE CENTRE ,"8,923",140,462,776,"1,126","1,499","1,782","2,044","2,365","2,693","3,009","3,341","3,634","3,929","4,289","4,592",
J3401,CHUN WAH ROAD SPORTS CENTRE,"2,278",47,96,187,278,403,489,599,718,824,931,"1,033","1,151","1,225","1,329","1,420",
J3402,PLK KOO BIN KAU LEE DAY CARE CENTRE FOR THE ELDERLY,"7,108",142,336,641,904,"1,286","1,481","1,736","2,031","2,349","2,644","2,939","3,226","3,464","3,732","4,118",
J3501,CHEERFUL COURT HALL ,"9,574",152,369,697,"1,063","1,408","1,754","2,161","2,416","2,746","3,095","3,416","3,720","4,067","4,516","5,424",
J3601,SKH KEI LOK PRIMARY SCHOOL ,"7,624",86,266,564,882,"1,165","1,452","1,661","1,989","2,251","2,536","2,826","3,121","3,474","3,740","4,065",
J3701,LOK WAH ESTATE COMMUNITY CENTRE ,"6,718",116,340,662,"1,008","1,264","1,571","1,880","2,155","2,435","2,714","2,955","3,158","3,474","3,742","3,984",
K0101,PRINCESS ALEXANDRA COMMUNITY CENTRE,"5,197",53,161,311,547,768,962,"1,166","1,406","1,614","1,888","2,099","2,283","2,516","2,795","3,054",
K0201,TSUEN WAN CATHOLIC PRIMARY SCHOOL ,"5,242",73,222,451,692,966,"1,232","1,433","1,720","1,975","2,220","2,420","2,630","2,858","3,061","3,296",
K0301,SHAK CHUNG SHAN MEMORIAL CATHOLIC PRIMARY SCHOOL,"11,811",132,467,854,"1,388","1,874","2,534","2,996","3,562","4,173","4,772","5,302","6,034","6,677","7,276","8,498",
K0401 ,POCA WONG SIU CHING SECONDARY SCHOOL ,"7,413",168,347,694,"1,142","1,403","1,746","1,995","2,350","2,665","2,877","3,112","3,396","3,734","4,064","4,389",
K0501,TSUEN WAN GOVERNMENT SECONDARY SCHOOL ,"7,414",142,436,778,"1,093","1,446","1,692","2,038","2,283","2,577","2,848","3,154","3,459","3,741","4,005","4,245",
K0601,TSUEN KING CIRCUIT SPORTS CENTRE ,"9,758",99,374,685,"1,179","1,970","2,518","3,221","3,633","4,204","4,653","4,653","5,630","6,355","6,685","7,274",
K0701 ,CHAI WAN KOK CATHOLIC PRIMARY SCHOOL ,"9,929",118,377,846,"1,250","1,724","2,094","2,522","3,032","3,409","3,802","4,302","4,788","5,180","5,180","6,213",
K0801,CCC KEI WAI PRIMARY SCHOOL,"5,532",82,242,456,718,983,"1,212","1,483","1,699","1,905","2,148","2,406","2,669","2,945","3,264","3,638",
K0802,CHUEN LUNG VILLAGE OFFICE ,399,12,20,43,63,77,95,112,125,140,157,178,192,213,225,244,
K0901,TSUEN WAN GOVERNMENT PRIMARY SCHOOL ,"10,204",115,353,704,"1,117","1,642","2,075","2,685","3,037","3,503","4,094","4,563","4,945","5,481","6,106","6,987",
K1001,SHAM TSENG CATHOLIC PRIMARY SCHOOL,"11,548",422,422,925,"1,558","2,013","2,505","3,040","3,575","4,129","4,701","5,211","5,868","6,441","7,018","8,118",
K1101,HONG KONG BAPTIST CONVENTION PRIMARY SCHOOL ,"8,308",65,262,546,933,"1,338","1,777","2,157","2,562","3,053","3,474","3,824","4,312","4,667","5,218","5,997",
K1102,"ST. FRANCIS XAVIER'S SCHOOL, TSUEN WAN ","5,733",115,259,504,779,"1,049","1,303","1,587","1,860","2,139","2,364","2,634","2,885","3,158","3,422","3,717",
K1201,FORMER SITE OF OCEANIC ENGLISH KINDERGARTEN ,"1,759",30,61,119,202,314,378,454,537,609,704,799,878,952,"1,053","1,175",
K1202,HONGKONG GARDEN CLUB LTD.,"2,926",49,113,224,329,569,602,748,883,"1,020","1,178","1,330","1,468","1,605","1,799","2,004",
K1301,CCC KEI WAI PRIMARY SCHOOL (MA WAN) ,"6,181",61,196,436,683,960,"1,233","1,486","1,735","1,983","2,282","2,597","2,926","3,270","3,632","4,479",
K1401,WAI TSUEN SPORTS CENTRE,"10,134",98,335,671,"1,146","1,592","2,019","2,523","2,999","3,561","4,034","4,501","4,875","5,429","5,957","6,721",
K1501,LEI MUK SHUE COMMUNITY HALL ,"7,606",134,358,645,960,"1,227","1,473","1,778","1,995","2,316","2,595","2,904","3,200","3,516","3,892","4,212",
K1502 ,HO PUI TSUEN VILLAGE OFFICE,"2,055",32,75,148,220,312,390,477,554,638,746,861,962,"1,056","1,169","1,305",
K1601 ,LEI MUK SHUE CATHOLIC PRIMARY SCHOOL ,"9,166",79,247,497,853,"1,237","1,527","1,843","2,180","2,487","2,822","3,201","3,583","1,056","4,334","4,874",
K1701,HKTA YYI SHEK WAI KOK PRIMARY SCHOOL,"5,797",67,267,501,792,"1,003","1,245","1,441","1,675","1,886","2,123","2,334","2,526","2,757","2,953","3,223",
K1801 ,FORMER TSUEN WAN LUTHERAN SCHOOL ,"3,935",45,171,306,497,664,822,953,"1,069","1,205","1,375","1,517","1,664","1,808","1,974","2,126",
K1802,TSUEN WAN PUBLIC HO CHUEN YIU MEMORIAL COLLEGE ,"4,852",99,348,420,598,794,970,"1,142","1,301","1,497","1,680","1,865","2,048","2,228","2,418","2,617",
L0101,TUEN MUN TOWN CENTRE COMMUNITY HALL,"3,799",45,119,246,414,553,715,889,"1,065","1,219","1,372","1,538","1,715","1,883","2,117","2,288",
L0102,CASTLE PEAK CATHOLIC PRIMARY SCHOOL ,"2,537",44,101,209,293,389,480,611,716,849,964,"1,056","1,193","1,322","1,451","1,557",
L0201 ,PLK HKTA YUEN YUEN PRIMARY SCHOOL,"9,112",120,331,746,"1,083","1,286","1,771","2,211","2,544","2,889","3,205","3,586","3,945","4,375","4,923","5,459",
L0202,YAN OI TONG MADAM LAU WONG FAT PRIMARY SCHOOL ,"4,805",52,156,314,478,589,842,"1,065","1,317","1,566","1,726","1,941","2,190","2,403","2,630","2,854",
L0301,SEMPLE MEMORIAL SECONDARY SCHOOL ,"5,808",90,235,446,643,806,"1,005","1,244","1,490","1,742","1,956","2,194","2,465","2,752","3,064","3,321",
L0302,CHING CHUNG HAU PO WOON SECONDARY SCHOOL ,"2,120",27,89,149,233,312,407,519,621,116,813,936,"1,044","1,169","1,314","1,486",
L0401,ON TING/YAU OI COMMUNITY CENTRE,"7,123",113,299,547,808,975,"1,239","1,512","1,788","2,075","2,341","2,601","2,844","3,137","3,430","3,667",
L0402 ,SKH ST. PETER'S CHURCH CASTLE PEAK SIU LUN COURT KINDERGARTEN ,"2,992",56,105,230,377,465,580,679,775,913,"1,037","1,187","1,284","1,438","1,587","1,730",
L0501,STFA TAM PAK YU COLLEGE,"8,469",104,245,507,793,899,"1,220","1,524","1,815","2,089","2,315","2,655","2,934","3,270","3,604","3,997",
L0601 ,ISLAMIC PRIMARY SCHOOL ,"6,179",55,181,394,597,707,947,"1,151","1,408","1,622","1,797","2,035","2,301","2,586","2,867","3,190",
L0602,YCH HO SIK NAM PRIMARY SCHOOL ,"6,509",87,235,421,688,879,"1,127","1,434","1,739","2,000","2,200","2,474","2,750","2,586","2,867","3,191",
L0701,STEWARDS MKMCF MA KO PAN MEMORIAL COLLEGE ,"9,061",123,367,736,"1,113","1,113","1,830","2,305","2,800","3,191","3,582","4,056","4,507","4,996","5,436","5,956",
L0801,SHAN KING COMMUNITY HALL ,"10,488",110,339,657,977,"1,237","1,552","1,940","2,310","2,660","3,003","3,370","3,708","4,057","4,457","4,834",
L0901,TAI HING COMMUNITY HALL ,"5,598",77,253,463,683,778,"1,034","1,243","1,435","1,633","1,825","1,991","2,229","2,430","2,627","2,825",
L0902,YAN OI TONG CHAN WONG SUK FONG MEMORIAL SECONDARY SCHOOL ,"2,438",23,102,204,287,325,383,459,541,624,695,778,857,933,991,"1,052",
L1001,TAI HING SPORTS CENTRE ,"9,788",204,465,795,"1,119","1,373","1,759","2,107","2,479","2,813","3,130","3,476","3,930","4,306","4,755","5,219",
L1101,CCC TAM LEE LAI FUN MEMORIAL SECONDARY SCHOOL ,"2,136",31,74,118,181,213,299,345,465,541,615,731,828,942,"1,050","1,144",
L1102,TSENG CHOI STREET COMMUNITY HALL,"4,499",32,140,276,407,493,696,696,"1,088","1,222","1,388","1,591","1,785","1,963","2,284","2,448",
L1201 ,THE SALVATION ARMY SAM SHING CHUEN LAU NG YING SCHOOL,"5,881",83,226,430,687,866,"1,156","1,406","1,653","1,899","2,125","2,364","2,610","2,846","3,140","3,575",
L1202 ,CUSTOMS AND EXCISE TRAINING SCHOOL,"1,767",17,58,123,199,292,378,452,529,617,684,763,817,890,995,"1,076",
L1301 ,IMMIGRATION SERVICE INSTITUTE OF TRAINING AND DEVELOPMENT,"2,390",52,118,185,260,334,439,558,652,771,867,952,"1,045","1,155","1,324","1,487",
L1302 ,PLK WOMEN'S WELFARE CLUB WESTERN DISTRICT FUNG LEE PUI YIU PRIMARY SCHOOL ,"7,105",83,264,482,729,"1,008","1,294","1,581","1,912","2,221","2,506","2,838","3,152","3,401","3,818","4,268",
L1401,COMMUNITY CENTRE OF SUN TUEN MUN CENTRE ,"11,431",106,354,746,"1,097","1,665","2,045","2,440","2,981","3,436","3,856","4,387","4,828","5,257","5,827","6,589",
L1501,SOUTH TUEN MUN GOVERNMENT SECONDARY SCHOOL,"8,590",78,284,583,935,"1,250","1,605","1,994","2,329","2,671","2,957","3,272","3,720","4,035","4,526","5,137",
L1601,LKWFS LAU TAK YUNG MEMORIAL PRIMARY SCHOOL ,"9,628",147,400,640,"1,052","1,455","1,908","2,252","2,722","3,186","3,431","3,844","4,180","4,706","5,394","5,980",
L1701,TWGHS SUN HOI DIRECTORS' COLLEGE ,"7,943",73,210,437,675,865,"1,076","1,280","1,512","1,764","1,987","2,246","2,528","2,818","3,132","3,461",
L1801,FDBWA CHOW CHIN YAU SCHOOL ,"3,645",45,128,287,436,590,730,872,"1,010","1,134","1,265","1,434","1,574","1,742","1,953","2,195",
L1802,BUTTERFLY BAY COMMUNITY CENTRE ,"6,165",94,264,491,744,944,"1,146","1,324","1,549","1,771","1,946","2,144","2,376","2,590","2,827","3,010",
L1901,LUTHERAN TSANG SHING SIU LEUN SCHOOL,"4,835",98,175,468,640,867,"1,052","1,309","1,564","1,736","1,913","2,110","2,377","2,569","2,879","3,175",
L1902,LUNG KWU TAN VILLAGE OFFICE ,778,25,39,59,98,135,170,200,234,262,301,353,379,408,440,471,
L2001,LUNG YAT COMMUNITY HALL ,"8,663",112,332,559,907,"1,101","1,364","1,668","1,948","2,287","2,559","2,913","3,214","3,517","3,979","4,489",
L2002,YCH NO.2 SECONDARY SCHOOL ,796,7,19,40,75,86,109,139,184,213,233,271,303,334,367,390,
L2101,HKRSS TUEN MUN PRIMARY SCHOOL,"9,430",104,323,553,826,"1,029","1,344","1,669","2,045","2,394","2,750","3,093","3,468","3,846","4,294","4,809",
L2201 ,LEUNG KING COMMUNITY CENTRE ,"9,954",129,351,627,918,"1,095","1,454","1,828","2,200","2,572","2,933","3,290","3,654","4,006","4,373","4,785",
L2301,SRBCEPSA HO SAU KI SCHOOL ,"11,009",75,307,623,957,"1,169","1,524","1,948","2,357","2,753","3,115","3,530","3,946","4,452","4,935","5,553",
L2401,PLK HORIZON EAST PRIMARY SCHOOL ,"6,482",92,318,646,940,982,"1,189","1,321","1,534","1,749","1,954","2,165","2,331","2,527","2,733","2,959",
L2402,TUEN MUN TSZ TIN TSUEN VILLAGE OFFICE,"1,875",23,69,134,223,271,356,432,494,562,621,726,807,884,964,"1,056",
L2501,KIN SANG COMMUNITY HALL,"10,132",127,330,690,"1,068","1,309","1,798","2,080","2,493","2,837","3,186","3,567","3,887","4,419","4,979","5,459",
L2601 ,TUEN MUN GOVERNMENT PRIMARY SCHOOL ,"8,568",170,334,652,959,"1,139","1,532","1,926","2,258","2,609","2,908","3,313","3,693","4,084","4,562","5,154",
L2701,SKH MUNG YAN PRIMARY SCHOOL ,"7,363",85,306,590,863,"1,099","1,448","1,790","2,177","2,469","2,786","3,126","3,457","3,832","4,241","4,673",
L2702 ,HING TAK SCHOOL ,"2,717",53,126,228,364,462,548,763,915,"1,019","1,116","1,263","1,424","1,576","1,729","1,880",
L2801 ,"SIMON AND ELEANOR KWOK BUILDING, LINGNAN UNIVERSITY ","11,490",102,229,491,820,"1,010","1,311","1,753","2,038","2,412","2,665","3,198","3,535","3,946","4,462","5,242",
L2802 ,FUK HANG TSUEN VILLAGE OFFICE ,"1,021",13,30,55,104,130,188,232,278,319,360,419,481,524,568,622,
L2901,KIU SAW PUBLIC SCHOOL,"3,313",48,112,212,313,405,528,647,767,883,"1,020","1,143","1,277","1,389","1,557","1,682",
L2902,TUEN MUN SCHOOL ,"2,048",19,67,132,212,244,306,405,474,569,654,740,844,942,"1,048","1,197",
L2903,TUEN MUN SAN TSUEN VILLAGE OFFICE ,"2,658",42,100,188,294,373,485,607,705,790,871,984,"1,100","1,191","1,370","1,486",
"M0101 
",YUEN LONG MERCHANTS ASSOCIATION PRIMARY SCHOOL ,"8,018",91,281,610,933,"1,204","1,492","1,811","2,165","2,421","2,737","3,046","3,375","3,695","4,092","4,460",
M0201,SKH LING OI PRIMARY SCHOOL ,7,102,332,521,794,"1,053","1,388","1,685","1,976","2,198","2,319","2,625","2,918","3,220","3,462","3,820",
M0202 ,YUEN LONG PUBLIC MIDDLE SCHOOL ALUMNI ASSOCIATION PRIMARY SCHOOL,"4,139",58,172,341,483,673,899,"1,080","1,261","1,429","1,618","1,811","2,027","2,247","2,465","2,734",
M0301 ,LONG PING COMMUNITY HALL,"10,294",70,275,549,883,"1,242","1,650","2,028","2,476","2,750","3,136","3,508","3,879","4,259","4,766","5,339",
M0401,YUEN LONG LONG PING ESTATE TUNG KOON PRIMARY SCHOOL,"8,630",47,232,512,803,"1,083","1,347","1,654","1,950","2,265","2,613","2,950","3,324","3,726","4,125","4,628",
M0501 ,YUEN LONG POST OFFICE,"4,714",47,130,293,468,631,805,"1,013","1,161","1,340","1,515","1,682","1,854","2,051","2,215","2,423",
M0502,FUNG KAM STREET SPORTS CENTRE,"6,605",60,198,421,670,987,"1,255","1,525","1,841","2,115","2,393","2,639","2,882","3,168","3,461","3,838",
M0601,CCC KEI YUEN COLLEGE ,"4,042",61,152,271,508,706,"1,003","1,268","1,439","1,632","1,834","1,993","2,191","2,395","2,708","2,955",
M0701 ,BUDDHIST WING YAN SCHOOL,"5,891",78,184,398,640,911,"1,148","1,449","1,656","1,953","2,152","2,435","2,689","3,038","3,397","3,764",
M0801,YUEN LONG GOVERNMENT PRIMARY SCHOOL ,"1,103",16,36,62,88,123,156,186,230,243,283,313,249,380,420,474,
M0802,CHUNG SING SCHOOL,"5,963",47,133,279,457,681,879,"1,144","1,359","1,634","1,890","2,153","2,391","2,630","2,899","3,234",
M0901,SKH BISHOP BAKER SECONDARY SCHOOL,"6,345",46,201,350,533,831,"1,110","1,384","1,736","1,947","2,201","2,416","2,720","2,971","3,318","3,547",
M0902,CARITAS YUEN LONG CHAN CHUN HA SECONDARY SCHOOL ,"3,820",39,108,229,387,552,751,959,"1,118","1,293","1,452","1,617","1,785","1,944","2,153","2,415",
M1001,VICHY EDUCATIONAL & CULTURAL ORGANISATION JADE KINDERGARTEN ,"3,890",47,122,222,342,446,560,720,825,975,"1,118","1,276","1,416","1,567","1,741","1,917",
M1002 ,SCOUT ASSOCIATION OF HONG KONG CHOI CHEE MING LUEN KWONG SCOUT CENTRE,"6,551",71,181,337,548,776,975,"1,178","1,364","1,547","1,761","2,038","2,251","2,457","2,725","3,092",
M1101 ,THE INDUSTRIAL EVANGELISTIC FELLOWSHIP LTD. YUEN LONG WAI KWAN CENTRE ,"3,332",55,122,227,349,467,600,731,97854,976,"1,105","1,223","1,361","1,496","1,648","1,826",
M1102,HO DAO COLLEGE (SPONSORED BY SIK SIK YUEN),"7,049",89,251,493,773,970,"1,244","1,502","1,780","2,041","2,329","2,551","2,823","3,069","3,369","3,653",
M1201 ,PING SHAN TIN SHUI WAI SPORTS CENTRE,"3,709",35,85,167,300,421,560,701,822,973,"1,131","1,306","1,442","1,599","1,801","1,972",
M1301,WANG CHAU VILLAGE OFFICE ,"3,778",48,140,251,371,515,659,759,891,"1,009","1,149","1,322","1,466","1,612","1,793","2,003",
M1302 ,FORMER SHA KONG PUBLIC LUEN YICK SCHOOL ,"1,521",20,66,112,179,241,306,359,420,460,525,585,631,668,703,786,
M1401,ELCHK WING JAN LUTHERAN CHURCH ,931,14,37,58,81,108,127,172,206,220,245,271,298,315,354,407,
M1402,SIK KONG WAI VILLAGE OFFICE ,"3,210",61,149,240,355,467,557,652,779,854,965,"1,059","1,203","1,388","1,507","1,679",
M1403,THE NEIGHBOURHOOD ADVICE-ACTION COUNCIL TUEN MUN / YUEN LONG RURAL VILLAGE CENTRE ,"3,211",38,113,214,309,405,531,675,779,883,"1,011","1,160","1,300","1,430","1,583","1,770",
M1501 ,QUEEN ELIZABETH SCHOOL OLD STUDENTS' ASSOCIATION BRANCH PRIMARY SCHOOL,"6,397",72,170,330,555,861,"1,089","1,089","1,089","2,000","2,150","2,578","2,743","3,057","3,382","3,648",
M1502,LIONS CLUBS INTERNATIONAL HO TAK SUM PRIMARY SCHOOL ,"6,599",88,239,434,673,918,"1,196","1,450","1,722","2,000","2,339","2,649","2,649","3,179","3,179","3,846",
M1601,TIN SHUI COMMUNITY CENTRE,"10,021",118,350,669,997,"1,374","1,752","2,119","2,430","2,853","3,195","3,636","4,017","4,411","4,842","5,393",
M1701,TWGHS YIU DAK CHI MEMORIAL PRIMARY SCHOOL (YUEN LONG) ,"7,765",98,257,472,782,"1,059","1,333","1,517","1,815","2,068","2,388","2,674","2,980","3,293","3,606","4,022",
M1801,THE JOCKEY CLUB EDUYOUNG COLLEGE ,"6,562",98,263,723,753,925,"1,161","1,456","1,661","1,908","2,168","2,385","2,650","2,985","3,341","3,712",
M1802,TWGHS LEO TUNG-HAI LEE PRIMARY SCHOOL,"6,529",93,215,394,607,758,986,"1,191","1,375","1,611","1,859","2,101","2,337","2,593","2,833","3,145",
M1901,TIN SHUI WAI METHODIST COLLEGE ,"9,075",65,279,499,788,"1,017","1,355","1,674","1,966","2,138","2,599","2,840","3,169","3,522","3,981","4,379",
M2001,TIN FAI ROAD COMMUNITY HALL,"10,191",185,416,729,"1,083","1,429","1,730","2,104","2,417","2,740","3,132","3,475","3,806","4,223","4,685","5,120",
M2101 ,SKH TIN SHUI WAI LING OI PRIMARY SCHOOL ,"10,631",60,257,488,821,"1,120","1,458","1,741","2,051","2,388","2,755","3,077","3,385","3,847","4,283","5,044",
M2201,STFA WU MIEN TUEN PRIMARY SCHOOL ,"12,123",89,320,627,974,"1,355","1,685","2,062","2,445","2,822","3,222","3,624","4,125","4,609","5,250","6,038",
M2301 ,YLPMS ALUMNI ASSN. YING YIP PRIMARY SCHOOL ,"10,544",86,273,564,887,"1,186","1,500","1,839","2,199","2,425","2,846","3,252","3,609","4,016","4,577","5,148",
M2401,TIN CHING COMMUNITY HALL ,"8,781",114,328,581,870,"1,230","1,519","1,790","2,128","2,441","2,753","3,091","3,485","3,779","4,188","4,642",
M2501,THE HONG KONG MANAGEMENT ASSOCIATION K S LO COLLEGE,"10,553",206,518,899,"1,335","1,793","2,302","2,708","3,285","3,710","4,200","4,629","5,096","5,501","6,101","6,810",
M2601,BTCFS YEUNG YAT LAM MEMORIAL SCHOOL,"6,750",92,267,505,719,932,"1,154","1,380","1,567","1,820","2,047","2,289","2,513","2,740","3,004","3,380",
M2701,TIN SHUI WAI GOVERNMENT SECONDARY SCHOOL,"8,883",89,286,577,863,"1,127","1,486","1,779","2,105","2,396","2,739","3,061","3,449","3,743","4,163","4,695",
M2801,TIN YIU COMMUNITY CENTRE,"8,337",97,301,531,807,"1,096","1,446","1,741","2,041","2,316","2,613","2,972","3,271","3,590","3,981","4,451",
M2901,JU CHING CHU SECONDARY SCHOOL (YUEN LONG),"8,717",140,330,672,954,"1,341","1,644","1,970","2,393","2,765","3,139","3,523","3,849","4,237","4,752","5,300",
M3001,HKFYG LEE SHAU KEE PRIMARY SCHOOL ,"7,752",67,248,524,837,"1,023","1,363","1,622","1,927","2,184","2,540","2,798","3,232","3,569","3,885","4,434",
M3101,HKMLC WONG CHAN SOOK YING MEMORIAL SCHOOL ,"8,180",96,287,514,825,"1,185","1,537","1,892","2,235","2,566","2,885","3,222","3,568","3,568","4,553","5,138",
M3201,TUN YU SCHOOL ,"3,236",31,72,160,264,362,484,595,689,764,842,919,"1,028","1,105","1,223","1,323",
M3202,ST. GAVRIEL KINDERGARTEN,"5,812",71,190,383,610,843,"1,027","1,274","1,490","1,744","1,914","2,152","2,386","2,595","2,817","3,145",
M3301,SKH ST. JOSEPH'S PRIMARY SCHOOL,"5,796",72,177,350,568,786,"1,043","1,284","1,528","1,706","1,918","2,123","2,326","2,559","2,766","3,062",
M3401,TOI SHAN PUBLIC SCHOOL (FORMER) ,"6,014",81,170,357,538,761,976,"1,216","1,349","1,563","1,831","2,074","2,319","2,516","2,786","3,029",
M3501 ,PAT HEUNG CENTRAL PRIMARY SCHOOL (SHEK WU TONG) ,"9,536",104,337,608,945,"1,375","1,725","2,122","2,457","2,838","3,280","3,641","3,978","4,342","4,741","5,424",
N0101,HHCKLA BUDDHIST MA KAM CHAN MEMORIAL ENGLISH SECONDARY SCHOOL ,"5,897",51,209,430,676,969,"1,232","1,444","1,685","1,927","2,136","2,371","2,601","2,855","3,164","3,473",
N0201,FANLING PUBLIC SCHOOL ,"3,121",37,115,205,323,462,561,658,805,943,"1,088","1,214","1,334","1,429","1,551","1,691",
N0202 ,CARITAS FANLING CHAN CHUN HA SECONDARY SCHOOL ,"3,093",34,112,225,361,476,645,782,923,"1,055","1,217","1,375","1,519","1,698","1,864","2,058",
N0301 ,CHEUNG WAH COMMUNITY HALL ,"11,556",106,340,733,"1,164","1,551","1,930","2,384","2,838","3,273","3,337","4,219","4,645","5,080","5,568","6,132",
N0401,HHCKLA BUDDHIST CHING KOK LIN ASSOCIATION SCHOOL,"11,401",158,382,796,"1,271","1,820","2,240","2,767","3,311","3,785","4,322","4,769","5,236","5,733","6,372","7,070",
N0501 ,FUNG KAI LIU YUN SUM MEMORIAL SCHOOL,"11,770",123,745,"1,152","1,552","1,552","1,997","2,510","2,915","3,258","3,726","4,136","4,599","5,123","5,760","6,389",
N0601,HHCKLA BUDDHIST PO KWONG SCHOOL,"5,208",60,185,383,558,801,996,"1,220","1,481","1,699","1,948","2,194","2,435","2,686","2,919","3,228",
N0602 ,JOCKEY CLUB YUNG SHING LUTHERAN INTEGRATED SERVICE CENTRE ,"8,354",121,276,540,842,"1,154","1,442","1,799","2,089","2,409","2,708","3,035","3,552","3,691","4,078","4,601",
N0701,SKH KA FUK WING CHUN PRIMARY SCHOOL ,"9,968",80,317,664,"1,023","1,354","1,749","2,112","2,553","2,963","3,355","3,751","4,180","4,626","5,178","5,931",
N0801,FANLING GOVERNMENT SECONDARY SCHOOL ,"4,251",67,178,386,580,826,"1,015","1,237","1,440","1,736","1,736","2,167","2,298","2,523","2,790","3,098",
N0802,TIN KA PING SECONDARY SCHOOL ,"2,803",37,98,189,281,402,571,680,851,983,"1,159","1,281","1,446","1,587","1,767","1,951",
N0901,ELEGANTIA COLLEGE (SPONSORED BY EDUCATION CONVERGENCE) ,"9,748",107,311,641,"1,001","1,312","1,655","1,940","2,225","2,563","2,870","3,193","3,569","3,959","4,440","5,054",
N1001,PO WING ROAD SPORTS CENTRE ,"7,512",81,236,457,844,"1,150","1,405","1,680","1,964","2,219","2,537","3,802","3,148","3,427","3,851","4,330",
N1101,KAM TSIN VILLAGE HO TUNG SCHOOL ,"2,777",55,105,201,285,422,422,626,718,799,892,984,"1,071","1,139","1,305","1,396",
N1102,TSIU KENG VILLAGE OFFICE,"1,820",48,110,189,259,335,401,488,564,654,736,797,866,937,"1,019","1,099",
N1103,KU TUNG PUBLIC OI WAH SCHOOL,"3,161",70,162,259,378,519,671,776,910,"1,061","1,182","1,287","1,427","1,554","1,692","1,835",
N1104 ,HANG TAU VILLAGE OFFICE ,"2,063",41,102,186,274,350,431,508,575,651,742,829,926,"1,005","1,134","1,237",
N1201,CHOI YUEN ESTATE HALL ,"11,077",183,546,937,"1,335","1,826","2,148","2,723","3,180","3,523","3,922","4,353","4,765","5,219","5,653","6,070",
N1301,LUNG SUM AVENUE SPORTS CENTRE ,"1,600",10,39,89,142,198,250,300,344,389,432,481,537,577,654,735,
N1302,SKH CHAN YOUNG SECONDARY SCHOOL,"5,236",89,232,403,638,878,"1,108","1,350","1,574","1,810","2,021","2,295","2,526","2,763","3,054","3,321",
N1303,HHCKLA BUDDHIST CHAN SHI WAN PRIMARY SCHOOL,"2,620",54,125,247,340,457,545,632,760,865,967,"1,061","1,180","1,284","1,489","1,611",
N1401,SHEK WU HUI PUBLIC SCHOOL ,"10,402",70,275,577,927,"1,281","1,689","2,078","2,419","2,856","3,229","3,607","4,090","4,502","5,021","5,642",
N1501,FUNG KAI LIU MAN SHEK TONG SECONDARY SCHOOL ,"8,456",80,217,443,735,"1,148","1,443","1,725","2,120","2,366","2,687","2,949","3,297","3,593","4,074","4,666",
N1601,TA KU LING LING YING PUBLIC SCHOOL ,"1,315",18,35,71,102,138,167,213,268,306,353,401,428,462,519,563,
N1602,INTERNATIONAL COLLEGE HONG KONG ,"2,117",30,64,150,221,309,373,434,469,503,540,601,651,704,759,811,
N1603,KUT O VILLAGE ASSOCIATION ,102,0,8,14,16,18,21,21,22,24,26,28,30,30,30,30,
N1604,SHA TAU KOK CENTRAL PRIMARY SCHOOL,"3,419",11,68,216,423,565,721,850,961,"1,060","1,139","1,281","1,384","1,565","1,801","1,962",
N1605,LEE'S ANCESTRAL HALL ,76,2,4,7,12,14,24,24,29,30,32,34,37,37,37,37,
N1606,TA KWU LING COMMUNITY HALL ,"1,532",19,57,103,176,234,301,362,406,462,512,563,613,653,706,787,
N1701,TIN PING SPORTS CENTRE ,"6,761",52,170,362,583,832,"1,119","1,329","1,594","1,831","2,070","2,315","2,594","2,888","3,245","3,609",
N1702,LUEN WO HUI COMMUNITY HALL ,"7,335",88,241,482,833,"1,216","1,503","1,883","2,223","2,538","2,877","3,168","3,442","3,824","4,172","4,662",
N1801,TSUNG HIM SCHOOL ,"1,558",18,44,69,138,203,261,313,367,417,472,515,547,587,634,700,
N1802,LUNG SHAN SCHOOL ,"1,726",24,53,113,158,219,292,331,408,456,514,570,634,704,773,840,
N1803,"KWAN TI VEGETABLE MARKETING CO-OPERATIVE SOCIETY, LIMITED","1,978",34,66,114,162,222,286,342,393,468,530,606,664,727,813,892,
N1804,MISSION TO NEW ARRIVALS LTD. LIFE BUILDING CENTRE,"2,508",42,109,192,283,377,439,520,702,759,791,878,939,"1,022","1,106","1,219",
N1805,WO HOP SHEK VILLAGE OFFICE ,605,14,27,49,62,83,111,127,139,164,191,223,242,273,293,324,
P0101,TAI PO COMMUNITY CENTRE (EXHIBITION HALL),"6,950",66,349,477,718,978,"1,239","1,521","1,171","2,039","2,313","2,593","2,858","3,131","3,419","3,659",
P0201,TAI PO GOVERNMENT SECONDARY SCHOOL ,"7,823",98,289,569,923,"1,345","1,784","2,180","2,615","3,022","3,382","3,759","4,059","4,472","4,888","5,373",
P0301 ,NTW&JWAL LEUNG SING TAK PRIMARY SCHOOL ,"3,440",40,153,292,418,621,621,774,950,"1,097","1,413","1,550","1,732","1,889","2,073","2,297",
P0302,HKRSS TAI PO SECONDARY SCHOOL,"5,552",49,201,366,557,768,989,"1,167","1,368","1,609","1,844","2,082","2,331","2,553","2,797","3,144",
P0401,TAI YUEN COMMUNITY HALL,"8,876",69,268,514,817,"1,173","1,470","1,728","2,056","2,407","2,752","3,108","3,430","3,826","4,138","4,505",
P0501,FU HENG NEIGHBOURHOOD COMMUNITY CENTRE ,"11,628",163,391,707,"1,095","1,493","1,850","2,280","2,725","3,171","3,631","4,086","4,482","5,033","5,507","6,200",
P0601,FU SHIN COMMUNITY HALL ,"11,831",110,335,704,"1,096","1,518","1,518","2,429","2,879","3,319","3,874","4,392","4,855","5,431","5,918","6,717",
P0701,HKTA THE YUEN YUEN INSTITUTE NO. 2 SECONDARY SCHOOL,"9,129",116,367,674,"1,004","1,410","1,795","2,187","2,573","2,976","3,364","3,727","4,117","4,446","4,905","5,509",
P0801,KWONG FUK COMMUNITY HALL ,"7,587",134,324,624,852,"1,121","1,384","1,669","1,917","2,210","2,498","2,780","3,090","3,454","3,784","4,145",
P0802,SUNG TAK WONG KIN SHEUNG MEMORIAL SCHOOL,"1,278",24,77,129,200,268,322,384,441,512,555,613,664,730,804,884,
P0901 ,TAI PO BAPTIST PUBLIC SCHOOL ,"8,535",85,339,616,984,"1,355","1,634","1,932","2,264","2,591","3,000","3,411","3,696","4,061","4,485","4,973",
P1001 ,HONG KONG TEACHERS' ASSOCIATION LEE HENG KWEI SECONDARY SCHOOL ,"10,337",124,382,730,"1,153","1,402","2,032","2,433","2,990","3,443","3,943","4,545","4,922","5,354","5,863","6,686",
P1002,PLK TIN KA PING MILLENNIUM PRIMARY SCHOOL,"2,854",30,110,214,358,499,618,777,938,"1,098","1,277","1,409","1,549","1,642","1,814","1,980",
P1101 ,WAN TAU TONG NEIGHBOURHOOD COMMUNITY CENTRE,"8,550",98,264,533,872,"1,191","1,527","1,825","2,116","2,486","2,820","3,146","3,530","3,881","4,310","4,908",
P1201,YCH CHOI HIN TO PRIMARY SCHOOL,"5,785",93,232,430,691,949,"1,261","1,570","1,816","2,107","2,389","2,643","3,010","3,316","3,630","4,004",
P1202,NORWEGIAN INTERNATIONAL SCHOOL ,"2,056",32,98,170,264,343,415,503,567,635,716,809,877,984,"1,096","1,241",
P1301 ,NAM WAH PO VILLAGE TSUNG TSIN CHURCH,629,12,21,46,77,92,92,151,174,217,241,290,318,341,375,420,
P1302,LIONS CLUB LAM TSUEN YOUTH CENTRE,"5,000",67,178,383,531,724,902,"1,083","1,256","1,447","1,648","1,854","2,035","2,245","2,531","2,800",
P1303 ,WAI TAU VILLAGE OFFICE ,"1,247",55,84,127,187,234,290,344,367,422,472,536,586,636,695,760,
P1304,TAI HANG PUBLIC SCHOOL ,"1,451",39,70,124,178,254,326,383,441,512,583,649,711,779,892,973,
P1401,ASSEMBLY OF GOD HEBRON SECONDARY SCHOOL ,"10,565",162,353,606,976,"1,328","1,736","2,126","2,539","2,998","3,401","3,872","4,292","4,730","5,299","5,961",
P1501,LAM TSUEN PUBLIC WONG FOOK LUEN MEMORIAL SCHOOL ,"10,926",109,265,575,907,"1,253","1,612","2,030","2,379","2,763","3,162","3,619","4,039","4,523","5,026","5,573",
P1601,TAI WO NEIGHBOURHOOD COMMUNITY CENTRE,"7,799",101,273,539,835,"1,156","1,570","1,929","2,334","2,733","3,193","3,627","4,006","4,496","4,843","5,321",
P1701,TAI PO SAM YUK SECONDARY SCHOOL ,"5,006",80,184,304,516,796,995,"1,196","1,435","1,671","1,930","2,175","2,381","2,623","2,941","3,308",
P1702,KAU LUNG HANG PUBLIC YUK YIN SCHOOL ,"1,864",28,77,155,247,324,389,476,558,630,706,804,893,959,"1,037","1,110",
P1703,CONFERENCE ROOM OF HONG LOK YUEN MANAGEMENT SERVICES OFFICE,"1,931",21,81,165,215,290,378,454,549,627,704,812,919,971,"1,100","1,222",
P1704,CONFUCIAN TAI SHING HO KWOK PUI CHUN COLLEGE ,"2,203",8,104,179,296,391,493,586,686,788,883,"1,003","1,130","1,226","1,358","1,497",
P1801,TAI MEI TUK VILLAGE OFFICE,"2,966",33,115,207,300,404,510,614,730,842,953,"1,088","1,204","1,332","1,455","1,761",
P1802,SHUEN WAN CHIM UK VILLAGE OFFICE ,"4,456",78,190,304,435,559,702,836,978,"1,118","1,277","1,435","1,569","1,714","1,870","2,358",
P1803 ,THE HONG KONG INSTITUTE OF EDUCATION JOCKEY CLUB PRIMARY SCHOOL,"1,341",6,34,84,140,207,240,285,358,465,515,574,650,702,808,935,
P1901,HONG KONG BAPTIST THEOLOGICAL SEMINARY ,"5,675",146,192,331,586,757,"1,036","1,277","1,485","1,701","1,932","2,261","2,544","2,774","3,080","3,335",
P1902,SAI KUNG COUNTRY PARK VISITOR CENTRE ,192,5,8,13,20,26,30,35,46,50,61,67,86,92,92,96,
P1903,TAP MUN VILLAGE OFFICE ,216,3,7,31,38,45,47,47,51,55,63,67,69,80,80,80,
Q0101,THE SAI KUNG JOCKEY CLUB TOWN HALL ,"8,785",117,315,633,999,"1,372","1,732","2,091","2,483","2,853","3,153","3,425","3,733","4,105","4,423","4,848",
Q0102 ,MAN YEE FISHERMEN VILLAGE COMMUNITY HALL ,"1,879",31,82,137,221,270,349,412,454,508,558,630,694,753,848,931,
Q0201,EX-SAI KUNG CENTRAL PRIMARY SCHOOL ,"6,887",101,249,504,762,"1,027","1,318","1,591","1,870","2,115","2,367","2,515","2,858","3,154","3,442","3,852",
Q0401 ,HONG KONG AND MACAU LUTHERAN CHURCH PRIMARY SCHOOL,"4,669",52,125,303,463,664,851,"1,035","1,231","1,508","1,697","1,887","2,050","2,198","2,400","2,651",
Q0501,"CHENG CHEK CHEE SECONDARY SCHOOL OF SAI KUNG & HANG HAU DISTRICT, N.T.","4,609",46,161,329,480,682,892,"1,123","1,339","1,534","1,764","2,025","2,182","2,324","2,514","2,756",
Q0601,EVANGEL COLLEGE ,"9,194",96,287,554,867,"1,091","1,522","1,917","2,284","2,670","3,086","3,450","3,685","4,271","4,740","5,434",
Q0701,HKYWCA TSEUNG KWAN O INTEGRATED SOCIAL SERVICE CENTRE ,"7,102",138,372,732,"1,042","1,433","1,769","2,193","2,504","2,942","3,338","3,641","4,156","4,540","4,833","5,446",
Q0801,GT (ELLEN YEUNG) COLLEGE,"6,082",55,152,336,603,869,"1,138","1,418","1,711","2,025","2,324","2,659","2,916","3,233","3,564","3,971",
Q0901 ,HHCKLA BUDDHIST CHING KOK SECONDARY SCHOOL,"8,539",78,227,418,668,668,"1,308","1,513","1,781","2,111","2,468","2,879","3,158","3,517","3,950","4,497",
Q1001,PO KOK SECONDARY SCHOOL,"10,999",115,328,585,938,"1,320","1,694","2,058","2,500","2,925","3,360","3,817","4,246","4,796","5,354","5,997",
Q1101,POH 80TH ANNIVERSARY TANG YING HEI COLLEGE,"9,264",102,285,575,989,"1,459","1,880","2,298","2,761","3,235","3,678","4,182","4,578","5,041","5,596","6,191",
Q1201,YCH WONG WHA SAN SECONDARY SCHOOL,"9,992",69,208,558,905,"1,269","1,670","2,163","2,639","3,134","3,613","4,053","4,486","4,961","5,436","6,299",
Q1301 ,TSEUNG KWAN O SPORTS GROUND ,"6,074",52,168,346,596,830,"1,197","1,516","1,840","2,224","2,572","2,961","3,309","3,615","3,999","4,483",
Q1401,TSEUNG KWAN O GOVERNMENT PRIMARY SCHOOL ,"9,769",85,273,602,"1,026","1,509","2,035","2,606","3,100","3,607","4,177","4,600","5,089","5,503","6,117","6,742",
Q1501 ,TSUI LAM SPORTS CENTRE ,"2,049",29,75,160,247,335,406,496,582,676,758,843,924,"1,005","1,122","1,244",
Q1502 ,KING LING COLLEGE ,"4,654",37,128,300,470,678,819,"1,054","1,253","1,463","1,639","1,888","2,129","2,304","2,511","2,803",
Q1601 ,TSUI LAM COMMUNITY HALL,"10,852",124,338,684,"1,071","1,485","1,899","2,287","2,656","3,082","3,579","4,012","4,669","4,953","5,340","5,859",
Q1701 ,CARMEL DIVINE GRACE FOUNDATION SECONDARY SCHOOL ,"12,590",117,323,701,"1,082","1,558","2,034","2,505","2,966","3,409","3,955","4,418","4,886","5,461","5,986","6,662",
Q1801,PO LAM MULTIPURPOSE HALL,"11,338",149,387,749,"1,235","1,690","2,192","2,751","3,190","3,735","4,307","4,817","5,390","5,905","6,470","7,243",
Q1901 ,STFA LEUNG KIT WAH PRIMARY SCHOOL ,"11,824",121,418,825,"1,378","1,935","2,514","3,123","3,815","4,361","5,022","5,628","6,241","6,743","7,570","8,339",
Q1902,STFA CHENG YU TUNG SECONDARY SCHOOL ,"4,724",53,146,315,514,719,"1,004","1,204","1,456","1,742","2,002","2,219","2,576","2,753","2,998","3,412",
Q2001,KING LAM NEIGHBOURHOOD COMMUNITY CENTRE ,"12,273",178,348,787,"1,355","1,681","2,076","2,603","3,174","3,676","3,676","4,750","5,241","5,656","6,287","6,807",
Q2101,CATHOLIC MING YUEN SECONDARY SCHOOL,"11,644",90,380,866,"1,495","1,814","2,349","2,772","3,203","3,664","4,174","4,666","5,121","5,599","6,283","6,952",
Q2201,HONG KONG AND MACAU LUTHERAN CHURCH QUEEN MAUD SECONDARY SCHOOL ,"10,092",107,302,686,"1,138","1,594","2,050","2,457","2,945","3,435","3,932","4,392","4,883","5,340","5,896","6,392",
Q2301,HANG HAU COMMUNITY HALL ,"12,336",134,390,773,"1,310","1,755","2,283","2,768","3,339","3,856","4,493","5,039","5,501","6,030","6,723","7,539",
Q2401 ,SHEUNG TAK COMMUNITY HALL ,"12,519",131,354,634,944,"1,363","1,751","2,127","2,553","2,978","3,409","3,905","4,334","4,808","5,330","6,301",
Q2501,HKTA THE YUEN YUEN INSTITUTE NO.3 SECONDARY SCHOOL ,"11,557",110,357,750,"1,157","1,602","2,027","2,584","3,010","3,446","3,962","4,500","4,976","5,486","6,187","6,793",
Q2601 ,CREATIVE SECONDARY SCHOOL ,"2,767",34,117,175,270,463,559,678,780,939,"1,072","1,262","1,462","1,623","1,816","2,114",
Q2602,LOHAS PARK COMMUNITY HALL ,"10,568",134,338,736,"1,174","1,752","2,329","2,758","3,376","3,821","4,392","4,941","5,502","6,295","6,755","7,866",
R0101,SHA TIN TOWN HALL,"8,086",91,298,576,952,"1,258","1,684","2,063","2,589","3,037","3,437","3,766","4,138","4,456","4,915","5,403",
R0102,SHA TIN GOVERNMENT SECONDARY SCHOOL ,"1,605",35,81,160,210,287,353,441,507,581,672,768,845,927,"1,072","1,168",
R0201 ,LEK YUEN COMMUNITY HALL ,"7,985",88,292,701,957,"1,313","1,576","1,859","2,179","2,469","2,782","3,122","3,396","3,658","3,953","4,260",
R0301,WO CHE COMMUNITY HALL ,"11,486",123,399,753,"1,331","1,515","1,941","2,344","2,703","3,149","3,574","4,059","4,406","4,784","5,083","5,795",
R0401,BAPTIST LUI MING CHOI PRIMARY SCHOOL ,"9,083",156,399,784,"1,165","1,702","2,087","2,552","3,046","3,486","3,897","4,429","4,869","5,378","5,926","6,678",
R0501,PENTECOSTAL LAM HON KWONG SCHOOL,"8,636",154,396,778,"1,126","1,606","1,933","2,381","2,765","3,178","3,674","4,105","4,465","4,845","5,349","5,998",
R0601,CHI HONG PRIMARY SCHOOL,"4,552",47,175,334,544,807,"1,016","1,255","1,487","1,700","1,892","2,095","2,296","2,497","2,741","3,044",
R0602 ,BELAIR GARDENS SHOPPING ARCADE 1/F FOOTBRIDGE,"3,723",66,147,287,444,641,822,"1,032","1,216","1,420","1,628","1,788","2,011","2,191","2,448","2,701",
R0701,BUDDHIST KOK KWONG SECONDARY SCHOOL ,"10,075",105,450,769,"1,124","1,553","1,900","2,260","2,608","2,997","3,441","3,849","4,258","4,701","5,101","5,553",
R0801,POK HONG COMMUNITY HALL ,"11,621",156,502,877,"1,270","1,764","2,148","2,546","3,048","3,444","3,961","4,448","4,903","5,439","5,799","6,285",
R0901,SHA TIN WAI DR. CATHERINE F. WOO MEMORIAL SCHOOL,"10,624",108,394,769,"1,174","1,602","2,055","2,397","2,904","3,340","3,863","4,363","4,829","5,156","5,701","6,115",
R1001,CHUN SHEK COMMUNITY HALL ,"9,161",95,387,738,"1,211","1,678","2,120","2,520","2,942","3,330","3,818","4,292","4,571","4,968","5,479","5,906",
R1101,SUN TIN WAI COMMUNITY HALL ,"5,885",67,206,409,701,923,"1,123","1,349","1,550","1,756","2,019","2,255","2,462","2,714","2,955","3,210",
R1201 ,KOWLOON CITY BAPTIST CHURCH HAY NIEN (YAN PING) PRIMARY SCHOOL ,"11,549",106,381,768,"1,201","1,743","2,192","2,657","3,163","3,656","4,200","4,710","5,265","5,776","6,372","7,130",
R1301 ,CUHK FAA THOMAS CHEUNG SCHOOL,"3,185",35,101,211,353,510,670,771,909,"1,044","1,778","1,340","1,530","1,651","1,848","2,052",
R1302,HIN KENG SPORTS CENTRE ,"8,410",120,277,556,833,"1,142","1,473","1,779","2,106","2,429","2,805","3,171","3,542","3,856","4,233","4,709",
R1401,MEI TIN COMMUNITY HALL ,"8,378",58,261,480,760,"1,104","1,366","1,696","1,973","2,246","2,922","3,292","3,292","3,676","4,073","4,554",
R1501 ,GCCITKD LAU PAK LOK SECONDARY SCHOOL,"5,483",66,175,370,603,844,"1,089","1,368","1,620","1,920","2,184","2,489","2,781","3,076","3,329","3,909",
R1601,HIN KENG NEIGHBOURHOOD COMMUNITY CENTRE,"12,140",161,415,903,"1,198","1,683","2,122","2,521","2,933","3,493","4,016","4,524","5,048","5,487","6,049","6,685",
R1602,CHOI JUN SCHOOL,"1,979",40,108,199,272,385,446,446,634,735,852,987,"1,072","1,206","1,321","1,479",
R1701 ,LUNG HANG ESTATE COMMUNITY CENTRE,"8,695",83,289,582,838,"1,193","1,502","1,824","2,163","2,548","2,903","3,270","3,591","3,923","4,279","4,691",
R1801,GCCITKD CHEONG WONG WAI PRIMARY SCHOOL ,"9,811",111,353,680,"1,027","1,414","1,414","2,155","2,534","2,923","3,336","3,744","4,130","4,558","5,016","5,542",
R1901,BUDDHIST WONG WAN TIN COLLEGE,"10,471",144,414,854,"1,341","1,719","2,099","2,531","2,966","3,436","3,941","4,425","4,825","5,228","5,649","6,298",
R1902 ,TAI WAI VILLAGE OFFICE ,"1,857",20,70,124,190,268,345,420,487,587,668,746,850,925,"1,018","1,108",
R2001,LOCK TAO SECONDARY SCHOOL ,"7,335",70,261,501,784,"1,078","1,360","1,694","2,016","2,339","2,722","3,102","3,384","3,741","4,133","4,568",
R2002,ELCHK SHATIN LUTHERAN KINDERGARTEN,919,6,29,72,113,140,203,246,272,319,358,406,457,490,531,600,
R2101 ,PLK SIU HON SUM PRIMARY SCHOOL ,"8,074",90,308,610,859,"1,237","1,737","2,038","2,455","2,780","3,269","3,563","3,893","4,342","4,744","5,434",
R2201,JOCKEY CLUB TI-I COLLEGE,"7,925",101,252,460,766,"1,119","1,449","1,816","2,171","2,576","2,985","3,364","3,737","4,112","4,486","5,089",
R2301 ,"JOHN FULTON CENTRE, THE CHINESE UNIVERSITY OF HONG KONG ","1,699",16,50,123,223,319,376,474,544,609,677,768,851,918,"1,016","1,100",
R2302,YAN OI TONG H.K. TOI SHAN ASSOCIATION ELDERLY CENTRE ,"4,683",36,150,327,523,779,990,"1,233","1,422","1,670","1,908","2,137","2,380","2,627","2,895","3,442",
R2401 ,CHRISTIAN ALLIANCE TOI SHAN H. C. CHAN PRIMARY SCHOOL,"11,573",125,411,764,"1,226","1,717","2,257","2,795","3,212","3,703","4,368","4,940","5,424","5,989","6,688","7,591",
R2501,CUHKFAA CHAN CHUN HA SECONDARY SCHOOL,"12,222",144,411,892,"1,338","1,924","1,924","3,033","3,526","4,084","4,706","5,283","5,889","6,404","1,059","7,851",
R2601,HONG KONG TAOIST ASSOCIATION SHUN YEUNG PRIMARY SCHOOL ,"9,437",172,433,764,"1,225","1,687","1,687","2,605","3,030","3,514","3,984","4,465","4,922","5,390","5,904","6,585",
R2801,CARITAS MA ON SHAN SECONDARY SCHOOL ,"13,893",143,418,883,"1,466","2,157","2,678","3,260","3,786","4,418","5,045","5,731","6,374","6,999","7,807","8,770",
R2901,LEE ON COMMUNITY HALL ,"15,115",206,525,"1,130","1,752","2,352","3,076","3,649","4,210","4,949","5,713","6,367","7,050","7,783","8,660","9,854",
R3001 ,NG CLAN'S ASSOCIATION TAI PAK MEMORIAL SCHOOL,"6,993",86,263,500,786,"1,049","1,325","1,639","1,938","2,277","2,569","2,865","3,192","3,510","3,908","4,471",
R3002,TWGHS WONG FUNG LING COLLEGE,"3,782",47,161,278,441,627,778,982,"1,178","1,361","1,549","1,807","2,000","2,252","2,491","2,757",
R3101,PLK CHONG KEE TING PRIMARY SCHOOL ,"13,495",112,439,764,"1,193","1,536","2,194","2,749","3,282","3,851","4,432","5,036","5,604","6,244","6,944","7,688",
R3201,MA ON SHAN ST. JOSEPH'S PRIMARY SCHOOL ,"9,383",84,272,543,891,"1,220","1,520","1,843","2,155","2,513","2,870","3,224","3,596","3,982","4,447","4,949",
R3202,HENG ON ESTATE COMMUNITY CENTRE ,"6,009",72,241,430,641,888,"1,110","1,346","1,574","1,836","2,117","2,384","2,603","2,831","3,119","3,467",
R3301,TAK SUN SECONDARY SCHOOL ,"9,991",154,341,695,"1,098","1,577","2,159","2,605","2,917","3,443","3,855","4,361","4,864","5,401","6,015","6,913",
R3401,SKH MA ON SHAN HOLY SPIRIT PRIMARY SCHOOL,"10,659",97,280,626,"1,026","1,445","1,903","2,278","2,689","3,256","3,625","4,149","4,630","5,093","5,655","6,380",
R3402,THE ELCHK MA ON SHAN LUTHERAN PRIMARY SCHOOL ,"2,702",23,111,221,301,409,671,758,884,758,884,974,"1,062","1,180","1,281","1,391",
R3501,LAM TAI FAI COLLEGE ,"9,837",100,320,577,"1,041","1,427","1,835","2,470","2,840","3,306","3,306","4,064","4,569","4,989","5,628","6,366",
R3601 ,LEUNG KUI KAU LUTHERAN PRIMARY SCHOOL ,"6,595",110,252,454,736,"1,056","1,396","1,730","2,095","2,457","2,789","3,099","3,497","3,887","4,306","4,947",
R3602,HONG KONG BAPTIST UNIVERSITY AFFILIATED SCHOOL WONG KAM FAI SECONDARY AND PRIMARY SCHOOL ,"2,219",46,104,178,253,348,443,531,598,670,752,837,925,"1,022","1,117","1,230",
R3701,LKWFSL WONG YIU NAM PRIMARY SCHOOL,"10,493",164,387,824,"1,218","1,652","2,108","2,609","3,132","3,604","4,115","4,598","5,084","5,539","6,048","6,838",
R3801 ,KWONG YUEN COMMUNITY HALL ,"9,203",105,341,633,990,"1,381","1,755","2,107","2,438","2,800","3,166","3,589","3,925","4,333","4,737","5,183",
S0101,CNEC TA TUNG SCHOOL,"9,738",152,398,741,"1,165","1,605","1,947","2,366","2,712","3,097","3,486","4,000","4,327","4,717","5,109","5,577",
S0201,ELCHK KWAI SHING LUTHERAN PRIMARY SCHOOL ,"14,268",141,485,"1,015","1,556","2,058","2,494","3,070","3,593","4,145","4,702","5,275","5,825","6,387","7,052","7,817",
S0301,YAN OI TONG PANG HUNG CHEUNG KINDERGARTEN ,"6,276",104,280,504,776,"1,035","1,306","1,545","1,791","2,058","2,329","2,620","2,852","3,119","3,407","3,119",
S0401,BUDDHIST LAM BING YIM MEMORIAL SCHOOL (SPONSORED BY THE HONG KONG BUDDHIST ASSOCIATION),"9,366",121,509,839,"1,120","1,465","1,803","2,274","2,537","2,885","3,267","3,643","3,981","4,301","4,697","5,118",
S0501 ,CCC CHUEN YUEN COLLEGE ,"8,708",68,319,567,896,"1,175","1,493","1,774","2,078","2,394","2,731","3,116","3,436","3,838","4,287","4,840",
S0601 ,CCC CHUEN YUEN KINDERGARTEN ,"6,106",97,277,519,743,944,"1,181","1,407","1,617","1,861","2,085","2,314","2,548","2,808","3,151","3,428",
S0602,SKH LAM WOO MEMORIAL SECONDARY SCHOOL ,"3,611",28,96,203,316,450,557,669,793,924,"1,065","1,224","1,337","1,480","1,653","1,827",
S0701,SKH CHU OI PRIMARY SCHOOL ,"11,554",124,465,866,"1,314","1,806","2,265","2,665","3,106","3,541","4,027","4,514","4,862","5,349","5,349","6,483",
S0801,SALESIAN YIP HON PRIMARY SCHOOL,"9,446",154,368,672,"1,025","1,383","1,816","2,136","2,454","2,816","3,228","3,664","3,917","4,272","4,660","5,148",
S0901,SHEK LEI (I) ESTATE INDOOR ACTIVITY ROOM ,"9,579",98,320,653,"1,083","1,439","1,821","2,148","2,464","2,876","3,251","3,668","4,026","4,444","4,822","5,316",
S1001 ,SHEK LEI COMMUNITY HALL ,"12,891",143,478,933,"1,344","1,928","2,338","2,731","3,221","3,621","4,152","4,625","5,260","5,673","6,190","6,730",
S1101,HKTA THE YUEN YUEN INSTITUTE NO. 1 SECONDARY SCHOOL,"9,006",129,361,627,976,"1,325","1,651","2,071","2,547","2,899","3,237","3,565","3,859","4,241","4,642","5,152",
S1201 ,BUDDHIST LIM KIM TIAN MEMORIAL PRIMARY SCHOOL ,"10,573",108,409,784,"1,244","1,687","2,104","2,469","2,867","3,316","3,798","4,258","4,659","4,996","5,459","5,991",
S1301 ,"G/F, CONFERENCE ROOM, NORTHERN CAR PARK, WONDERLAND VILLAS ","2,703",43,121,198,351,512,616,717,866,990,"1,338","1,265","1,370","1,513","1,673","1,884",
S1302,CARMEL ALISON LAM FOUNDATION SECONDARY SCHOOL ,"1,067",23,47,99,152,199,240,279,314,344,398,449,483,515,563,600,
S1303,TWGHS KO HO NING MEMORIAL PRIMARY SCHOOL ,"4,940",59,148,284,481,647,798,913,"1,053","1,192","1,361","1,524","1,672","1,921","2,120","2,340",
S1401,CCC KEI CHUN PRIMARY SCHOOL,"7,840",113,296,601,941,"1,237","1,537","1,912","2,257","2,560","2,935","3,275","3,571","3,883","4,256","4,656",
S1501,THE HKSYC&IA CHAN NAM CHONG MEMORIAL COLLEGE,"8,458",161,456,882,"1,247","1,704","2,167","2,563","2,868","3,250","3,506","3,986","4,347","4,617","5,072","5,498",
S1601 ,KWAI FONG COMMUNITY HALL ,"6,594",108,303,572,888,"1,205","1,496","1,756","2,057","2,347","2,643","2,959","3,236","3,537","3,882","4,250",
S1701 ,LAI KING COMMUNITY HALL,"8,221",77,260,555,865,"1,132","1,429","1,711","1,988","2,273","2,593","2,892","3,178","3,498","3,847","4,279",
S1801,KWAI SHING COMMUNITY HALL ,"10,716",131,402,747,"1,224","1,612","1,969","2,414","2,743","3,122","3,557","3,956","4,311","4,783","5,258","5,763",
S1901,DELIA (MAN KIU) ENGLISH PRIMARY SCHOOL,"7,983",88,272,498,765,"1,013","1,266","1,577","1,847","2,175","2,470","2,854","3,104","3,490","3,863","4,296",
S1902,CCC YENCHING COLLEGE ,"8,817",83,287,566,937,"1,296","1,660","2,130","2,481","2,876","3,313","3,710","4,123","4,556","5,062","5,753",
S2001,SKH TSING YI ESTATE HO CHAK WAN PRIMARY SCHOOL ,"8,135",121,355,395,"1,019","1,397","1,837","2,191","2,613","3,035","3,523","3,905","4,290","4,636","5,056","5,652",
S2101 ,TSUEN WAN TRADE ASSOCIATION PRIMARY SCHOOL,"10,587",89,331,659,"1,033","1,472","1,852","2,304","2,675","3,087","3,486","3,908","4,372","4,779","5,301","6,009",
S2201 ,TWGHS S. C. GAW MEMORIAL COLLEGE,"2,376",26,84,160,259,384,502,593,694,779,874,"1,002","1,105","1,200","1,364","1,519",
S2202,PLK CASTAR PRIMARY SCHOOL ,"9,516",150,410,761,"1,201","1,605","2,145","2,581","3,056","3,552","4,016","4,434","4,905","5,440","5,994","6,594",
S2301,CHEUNG CHING ESTATE COMMUNITY CENTRE,"4,817",53,169,320,504,700,954,"1,020","1,151","1,315","1,472","1,644","1,813","1,950","2,135","2,316",
S2302,"STUDY ROOM, MAYFAIR GARDENS ","5,826",91,199,397,620,859,"1,073","1,303","1,527","1,741","1,988","2,197","2,430","2,702","2,999","3,376",
S2401,TSING YI TRADE ASSOCIATION PRIMARY SCHOOL ,"6,864",103,292,583,856,"1,089","1,340","1,500","1,709","1,947","2,181","2,381","2,629","2,845","3,072","3,272",
S2402,TSING YI TRADE ASSOCIATION KINDERGARTEN ,"4,463",81,210,364,562,760,947,"1,160","1,330","1,503","1,681","1,876","2,055","2,240","2,465","2,707",
S2501,LOK SIN TONG LEUNG CHIK WAI MEMORIAL SCHOOL ,"7,616",161,371,675,"1,042","1,346","1,634","1,871","2,136","2,426","2,741","3,008","3,270","3,558","3,850","4,171",
S2601 ,RAMBLER CREST CLUB HOUSE ,"1,674",18,68,119,186,246,318,403,478,564,671,755,829,932,"1,097","1,197",
S2602 ,SKH TSING YI CHU YAN PRIMARY SCHOOL ,"6,930",81,295,544,751,"1,012","1,217","1,401","1,608","1,831","2,051","2,267","2,546","2,845","3,217","3,627",
S2701 ,CHEUNG HANG COMMUNITY HALL,"10,186",160,517,903,"1,386","1,771","2,144","2,518","2,898","3,329","3,730","4,174","4,598","5,036","5,553","6,054",
S2801 ,CHEUNG FAT ESTATE COMMUNITY CENTRE,"7,329",117,281,578,849,"1,144","1,428","1,756","2,027","2,356","2,619","2,891","3,138","3,447","3,816","4,247",
S2901 ,CNEC LUI MING CHOI PRIMARY SCHOOL ,"9,837",160,438,715,"1,128","1,509","1,837","2,143","2,493","2,866","3,225","3,583","3,961","4,324","4,764","5,225",
T0101 ,CCC TAI O PRIMARY SCHOOL,"1,816",43,134,227,291,337,383,444,490,532,595,660,744,836,890,919,
T0102,SHA LO WAN VILLAGE OFFICE,72,1,3,4,4,9,12,12,18,19,20,20,20,20,20,20,
T0103,TAI O SAN TAU VILLAGE VILLAGE OFFICE,41,0,1,3,8,11,11,12,13,15,16,18,18,18,18,18,
T0104,AUXILIARY MEDICAL SERVICE TUNG CHUNG TRAINING CENTRE,881,7,22,44,81,116,143,175,199,227,265,294,321,345,387,407,
T0105 ,NGAU KWU LONG SAM HEUNG CO-OPERATIVE SOCIETY ,64,0,4,14,21,26,27,28,28,28,28,29,29,29,30,30,
T0106,"TAI O ROOM, PO LIN MONASTERY ",45,0,2,7,10,10,10,10,10,10,11,13,13,14,14,14,
T0107,MUI WO SPORTS CENTRE ,"2,799",25,105,223,341,453,533,638,744,843,949,"1,061","1,164","1,250","1,376","1,492",
T0108 ,TONG FUK VILLAGE OFFICE,411,8,15,32,38,40,50,60,73,83,105,118,149,162,199,212,
T0109,BUI O PUBLIC SCHOOL,971,26,44,78,99,130,166,200,247,278,307,357,406,436,474,494,
T0201 ,TUNG CHUNG CATHOLIC SCHOOL ,"9,187",107,297,515,883,"1,132","1,381","1,707","1,968","2,279","2,611","3,035","3,303","3,688","4,192","4,648",
T0301,HKFEW WONG CHO BAU SCHOOL ,"11,356",96,257,562,888,"1,248","1,565","1,928","2,311","2,712","3,166","3,633","4,019","4,477","4,963","5,629",
T0401 ,TUNG CHUNG COMMUNITY HALL,"7,764",93,276,529,885,"1,267","1,634","1,947","2,312","2,684","3,058","3,411","3,735","4,025","4,438","4,868",
T0501,HKFEW WONG CHO BAU SECONDARY SCHOOL,"10,789",138,368,698,"1,140","1,585","1,987","2,389","2,750","3,156","3,600","4,080","4,511","4,941","5,459","6,006",
T0601,DISCOVERY BAY COMMUNITY HALL ,"4,464",39,88,196,369,529,751,943,"1,138","1,349","1,559","1,694","1,906","2,104","2,285","2,488",
T0701,PENG CHAU SPORTS CENTRE ,"3,697",56,183,347,549,702,832,967,"1,092","1,252","1,373","1,508","1,652","1,794","2,009","2,138",
T0801,LAMMA ISLAND (NORTH) RURAL COMMITTEE ,"2,194",74,167,368,368,454,533,618,698,780,870,955,"1,039","1,111","1,197","1,251",
T0802,"SOK KWU WAN GENERAL OUT-PATIENT CLINIC 
",207,3,8,27,33,42,48,55,66,77,89,95,100,101,103,106,
T0901,BUDDHIST WAI YAN MEMORIAL COLLEGE ,"4,074",56,162,281,413,555,665,794,891,"1,014","1,164","1,272","1,409","1,617","1,795","1,919",
T0902 ,CARITAS CHAN CHUN HA FIELD STUDIES CENTRE (ST.PAUL CAMPUS) ,"2,139",20,151,229,229,304,374,454,516,569,624,688,751,857,965,"1,036",
T1001,CHEUNG CHAU SPORTS CENTRE ,"2,418",24,93,151,250,330,412,495,573,647,732,803,885,964,"1,056","1,139",
T1002,KWOK MAN SCHOOL ,"3,261",75,247,388,502,620,626,731,731,880,962,"1,051","1,145","1,259","1,377","1,460",