票站編號,票站名稱,地址,推算選區,立法會選區
A0101,專業聯合中心,香港中環皇后大道中99號中環中心地下1室,A01,港島區
A0102,香港公園體育館,香港中環紅棉路29號,A01,港島區
A0201,高主教書院,香港羅便臣道2號,A02,港島區
A0301,香港真光幼稚園(堅道),香港堅道75號地下至2樓,A03,港島區
A0302,食物環境衞生署食物安全中心(醫院道辦事處),香港醫院道4號,A03,港島區
A0401,德瑞國際學校山頂校舍,香港山頂僑福道22號德瑞國際學校山頂校舍中座,A04,港島區
A0501,西營盤社區綜合大樓社區會堂,香港西營盤高街2號西營盤社區綜合大樓3樓,A05,港島區
A0601,香港基督教女青年會西環綜合社會服務處,香港西環域多利道9-15號百年大樓第1期A座2樓,A06,港島區
A0701,士美非路體育館,香港堅尼地城士美菲路12號K士美非路市政大廈4樓,A07,港島區
A0801,堅尼地城社區綜合大樓(綜合用途室),香港堅尼地城石山街12號2樓,A08,港島區
A0901,維多利亞(寶翠園)幼稚園,香港卑路乍街8號西寶城3樓(幼稚園),A09,港島區
A1001,石塘咀體育館,香港皇后大道西470號石塘咀市政大廈5樓,A10,港島區
A1101,中西區及離島區社會保障辦事處,香港德輔道西246號東慈商業中心3樓,A11,港島區
A1102,中山紀念公園體育館,香港西營盤東邊街北18號,A11,港島區
A1201,上環郵政局,香港上環德輔道中322-324號西區電話機樓1樓,A12,港島區
A1301,新會商會學校,香港上環居賢坊1號,A13,港島區
A1302,聖公會聖馬太小學,香港上環新街12-20號,A13,港島區
A1401,基督教香港崇真會救恩堂及救恩學校,香港西營盤第三街96號地下,A14,港島區
A1501,李陞小學,香港西營盤高街119號,A15,港島區
B0101,軒尼詩道官立小學,香港灣仔譚臣道169號,B01,港島區
B0201,鄧肇堅維多利亞官立中學,香港灣仔愛群道5號,B02,港島區
B0301,前灣仔學校,香港灣仔愛群道30號,B03,港島區
B0401,皇仁書院,香港銅鑼灣高士威道120號,B04,港島區
B0501,港島兒童蒙特梭利學校,香港北角天后廟道16號地下B舖,B05,港島區
B0502,勵德邨邨榮樓有蓋停車場,香港大坑勵德邨道34號勵德邨,B05,港島區
B0601,灣仔區文娛康樂體育會,香港銅鑼灣大坑道摩頓台 (香港中央圖書館側),B06,港島區
B0701,港灣婦女會,香港銅鑼灣摩頓台,B07,港島區
B0801,中華基督教會公理高中書院,香港銅鑼灣大坑徑17號,B08,港島區
B0901,禮頓山社區會堂,香港跑馬地黃泥涌道133號,B09,港島區
B1001,黃泥涌體育館,香港跑馬地毓秀街2號黃泥涌市政大廈6樓,B10,港島區
B1101,寶血小學,香港跑馬地成和道72號,B11,港島區
B1102,香港青少年服務處成和青少年中心,香港跑馬地桂成里20號誠和閣地下,B11,港島區
B1201,灣仔郵政局,香港灣仔皇后大道東197-213號胡忠大廈2樓,B12,港島區
B1301,循道衛理中心,香港灣仔軒尼詩道22號2樓,B13,港島區
C0101,東區少年警訊會所,香港太古城太裕路5號興安閣平台512-513號,C01,港島區
C0201,聖安娜中英文幼稚園,香港鰂魚涌太古城太榮路2號南海閣平台,C02,港島區
C0202,太古城郵政局,香港太古城太豐路1-3號金星閣地下G1020-1022號,C02,港島區
C0301,西灣河健康中心,香港西灣河太康街28號地下,C03,港島區
C0401,中華基督教會基灣小學(愛蝶灣),香港筲箕灣愛信道39號,C04,港島區
C0501,筲箕灣郵政局,香港筲箕灣寶文街1號峻峰花園地下,C05,港島區
C0601,愛秩序灣官立小學,香港筲箕灣愛禮街1號,C06,港島區
C0602,筲箕灣官立小學,香港筲箕灣筲箕灣東大街19號,C06,港島區
C0701,嶺南中學,香港杏花邨盛康里6號,C07,港島區
C0801,聖公會李福慶中學,香港柴灣翠灣街翠灣邨,C08,港島區
C0901,福建中學(小西灣),香港柴灣小西灣富怡道2號,C09,港島區
C1001,小西灣社區會堂,香港柴灣小西灣道15號小西灣綜合大樓地下,C10,港島區
C1101,嶺南衡怡紀念中學,香港柴灣小西灣道31號,C11,港島區
C1201,救世軍中原慈善基金學校,香港柴灣華廈街9號,C12,港島區
C1301,文理書院(香港),香港柴灣萃文道4號,C13,港島區
C1401,鰂魚涌體育館,香港鰂魚涌街38號鰂魚涌市政大廈7樓,C14,港島區
C1501,閩僑中學,香港北角雲景道81號,C15,港島區
C1601,金文泰中學,香港北角炮台山道30號,C16,港島區
C1701,銅鑼灣社區中心,香港銅鑼灣福蔭道7號,C17,港島區
C1801,渣華道體育館,香港北角渣華道99號渣華道市政大廈3樓,C18,港島區
C1802,顯理中學,香港北角城市花園道2號,C18,港島區
C1901,北角衞理小學,香港北角長康街19號,C19,港島區
C2001,香港遊樂場協會賽馬會北角港運城青少年綜合服務中心,香港北角丹拿道53號港運城2樓,C20,港島區
C2101,啟基學校(港島),香港北角馬寶道82號,C21,港島區
C2201,丹拿山循道學校,香港北角百福道4號,C22,港島區
C2301,北角官立小學,香港鰂魚涌英皇道888號,C23,港島區
C2401,鰂魚涌社區會堂,香港鰂魚涌基利路1號鰂魚涌社區綜合大樓地下,C24,港島區
C2501,佛教中華康山學校,香港鰂魚涌康愉街2號,C25,港島區
C2601,太古小學,香港鰂魚涌英皇道1100號,C26,港島區
C2701,青松興東幼稚園,香港筲箕灣興東邨興祖樓地下,C27,港島區
C2702,伊斯蘭徐錦享紀念幼稚園,香港筲箕灣東熹苑景熹閣地下,C27,港島區
C2801,西灣河體育館,香港西灣河筲箕灣道111號2樓,C28,港島區
C2901,勵志會梁李秀娛紀念小學,香港筲箕灣耀興道25號,C29,港島區
C2902,筲箕灣街坊福利事務促進會有限公司,香港筲箕灣南安街103號,C29,港島區
C3001,循道愛華村服務中心社會福利部 - 愛華青少年綜合服務隊(耀東服務處),香港筲箕灣耀東邨耀華樓地下B翼、C翼及1樓B翼,C30,港島區
C3101,粵南信義會腓力堂興民幼兒學園,香港柴灣興民邨社區中心第3層,C31,港島區
C3102,路德會聖雅各幼稚園,香港柴灣興華(一)邨卓華樓地下,C31,港島區
C3201,天主教明德學校,香港柴灣祥民道11號,C32,港島區
C3301,柴灣母嬰健康院,香港柴灣柴灣道233號新翠花園第6座政府大樓2樓,C33,港島區
C3401,漁灣社區會堂,香港柴灣柴灣道365號漁灣邨,C34,港島區
C3501,香港中華基督教青年會 - 柴灣會所,香港柴灣小西灣邨瑞樂樓地下1-10號,C35,港島區
D0101,香港仔體育館,香港香港仔香港仔大道203號香港仔市政大廈6樓,D01,港島區
D0201,鴨脷洲社區會堂,香港鴨脷洲邨,D02,港島區
D0301,鴨脷洲體育館,香港鴨脷洲洪聖街8號鴨脷洲市政大廈3樓,D03,港島區
D0401,聖伯多祿天主教小學,香港鴨脷洲利東邨第2期,D04,港島區
D0501,利東社區會堂,香港鴨脷洲利東邨,D05,港島區
D0601,香港南區官立小學,香港鴨脷洲鴨脷洲橋道325號,D06,港島區
D0701,海怡社區中心,香港鴨脷洲海怡半島東翼商場1樓,D07,港島區
D0801,華貴社區會堂,香港奇力灣華貴邨,D08,港島區
D0901,明愛莊月明中學,香港薄扶林華富邨華富道53號,D09,港島區
D1001,東華三院鶴山學校,香港華富邨華林徑5號,D10,港島區
D1101,沙宣道會堂,香港薄扶林沙宣道6號,D11,港島區
D1102,上碧瑤灣遊樂場,香港域多利道555號碧瑤灣(上),D11,港島區
D1103,數碼港郵政局,香港數碼港道100號數碼港零售服務中心1樓5-8號舖,D11,港島區
D1201,展亮技能發展中心 (薄扶林),香港薄扶林道147號,D12,港島區
D1202,置富南區會堂,香港薄扶林置富道置富南區廣場,D12,港島區
D1301,明愛賽馬會香港仔服務中心,香港香港仔田灣街20號,D13,港島區
D1302,聖公會田灣始南小學,香港香港仔田灣新街5號,D13,港島區
D1401,香港仔聖伯多祿天主教小學,香港香港仔石排灣邨第2期,D14,港島區
D1501,香港仔網球及壁球中心,香港香港仔海傍道1號,D15,港島區
D1502,南區長者地區中心,香港黃竹坑深灣道3號南濤閣地下1-3室,D15,港島區
D1601,黃竹坑體育館,香港香港仔黃竹坑道168號,D16,港島區
D1602,香港國際學校,香港淺水灣南灣坊6號1樓體育館,D16,港島區
D1701,赤柱社區會堂,香港赤柱市場道6號赤柱市政大廈地面下層,D17,港島區
D1702,石澳健康院,香港石澳石澳村140號,D17,港島區
E0101,仁愛堂陳鄭玉而幼稚園,九龍尖沙咀柯士甸道西1號1樓104室,E01,九龍西
E0201,九龍公園體育館,九龍尖沙咀柯士甸道22號,E02,九龍西
E0401,梁顯利油麻地社區中心,九龍油麻地眾坊街60號地下,E04,九龍西
E0501,油蔴地天主教小學(海泓道),九龍油麻地海泓道10號,E05,九龍西
E0601,旺角社區會堂,九龍旺角上海街557號旺角綜合大樓2樓,E06,九龍西
E0701,明我幼稚園(奧運校),九龍旺角西海富苑海韻閣地下01-09室,E07,九龍西
E0801,香港保護兒童會中銀幼兒學校,九龍大角咀奧海城海輝道11號政府服務中心地下,E08,九龍西
E0901,路德會沙崙學校,九龍大角咀櫻桃街18號,E09,九龍西
E1001,大角嘴天主教小學,九龍大角嘴道148號,E10,九龍西
E1101,中華基督教會基全小學,九龍大角咀道150號,E11,九龍西
E1201,鮮魚行學校,九龍大角咀詩歌舞街33號,E12,九龍西
E1301,聖公會基榮小學,九龍荔枝角道23號,E13,九龍西
E1401,界限街一號體育館,九龍旺角洗衣街200號,E14,九龍西
E1501,優才(楊殷有娣)書院,九龍旺角洗衣街31號,E15,九龍西
E1601,東華三院羅裕積小學,九龍油麻地碧街51號,E16,九龍西
E1701,油蔴地街坊會學校,九龍油麻地眾坊街80號,E17,九龍西
E1702,香港理工大學紅磡灣校園,九龍紅磡紅樂道8號,E17,九龍西
E1901,佐敦道官立小學,九龍油麻地南京街1號B,E19,九龍西
F0101,保安道體育館,九龍深水埗保安道325-329號保安道市政大廈2樓,F01,九龍西
F0201,福榮街官立小學,九龍深水埗福榮街231號,F02,九龍西
F0301,英華女學校,九龍深水埗青山道101號,F03,九龍西
F0401,石硤尾社區會堂,九龍深水埗南昌街石硤尾邨42座,F04,九龍西
F0501,基督教香港崇真會安康幼兒學校,九龍深水埗大埔道70號太子中心2樓C,F05,九龍西
F0601,深水埔街坊福利事務促進會,九龍深水埗汝州街88號地下,F06,九龍西
F0701,北河街體育館,九龍深水埗基隆街333號北河街巿政大廈6樓,F07,九龍西
F0801,南昌社區中心,九龍深水埗昌新里1號,F08,九龍西
F0901,英華書院,九龍深水埗英華街1號,F09,九龍西
F1001,麗閣社區會堂,九龍長沙灣麗閣邨,F10,九龍西
F1101,旅港開平商會學校,九龍荔枝角道700號,F11,九龍西
F1201,聖公會聖馬利亞堂莫慶堯中學,九龍深水埗海麗街1號,F12,九龍西
F1301,美孚新邨孚佑堂,九龍美孚新邨第2期百老匯街38號,F13,九龍西
F1401,博愛醫院美孚荔灣街坊會梁之潛伉儷長者健康支援及進修中心,九龍美孚新邨天橋底 (荔灣街市側),F14,九龍西
F1501,荔枝角公園體育館,九龍荔枝角荔灣道1號,F15,九龍西
F1601,荔枝角社區會堂,九龍深水埗荔枝角道863號地下,F16,九龍西
F1701,五邑工商總會學校,九龍深水埗永康街70號,F17,九龍西
F1801,長沙灣體育館,九龍長沙灣道及興華街交界,F18,九龍西
F1901,長沙灣社區中心,九龍長沙灣發祥街55號,F19,九龍西
F2001,白田社區會堂,九龍石硤尾白田街白田邨,F20,九龍西
F2101,聖母玫瑰書院,九龍又一村玫瑰街22號,F21,九龍西
F2201,大坑東社區中心,九龍大坑東棠蔭街17號,F22,九龍西
F2301,白田天主教小學,九龍深水埗白田邨,F23,九龍西
F2302,香港城市大學澤安中心,九龍深水埗澤安邨,F23,九龍西
G0101,馬頭涌官立小學,九龍土瓜灣福祥街1號,G01,九龍西
G0201,土瓜灣體育館,九龍土瓜灣下鄉道66號,G02,九龍西
G0301,保良局林文燦英文小學,九龍土瓜灣上鄉道24號,G03,九龍西
G0401,獻主會聖馬善樂小學,九龍土瓜灣天光道24號,G04,九龍西
G0501,聖文嘉幼稚園,九龍何文田南常樂街3號冠熹苑地下,G05,九龍西
G0502,循道衛理楊震社會服務處何文田青少年綜合發展中心,九龍何文田何文田邨恬文樓地下,G05,九龍西
G0601,余振強紀念中學,九龍何文田窩打老道山文福道27號,G06,九龍西
G0602,何文田官立中學,九龍何文田巴富街8號,G06,九龍西
G0701,明愛九龍社區中心,九龍太子道西256號A,G07,九龍西
G0702,九龍總商會,九龍何文田自由道2號龍總大廈2樓,G07,九龍西
G0801,賽馬會官立中學,九龍九龍塘牛津道2號B,G08,九龍西
G0901,九龍塘官立小學,九龍九龍塘添福道6號,G09,九龍西
G0902,九龍方方樂趣幼稚兒園,九龍九龍塘對衡道20號,G09,九龍西
G1001,九龍城體育館,九龍九龍城衙前圍道100號九龍城市政大廈3樓,G10,九龍西
G1101,聖三一堂小學,九龍九龍城富寧街57號,G11,九龍西
G1201,保良局溫林美賢耆暉中心,九龍啓德沐虹街12號晴朗商場2樓A206,G12,九龍西
G1301,佛教陳策文伉儷幼稚園,九龍啓德承啟道28號德朗邨,G13,九龍西
G1501,基督教香港信義會紅磡信義學校,九龍土瓜灣炮仗街39號,G15,九龍西
G1601,中華基督教會基道中學,九龍土瓜灣崇安街28號,G16,九龍西
G1701,博愛醫院任永賢夫人幼稚園幼兒中心,九龍紅磡海逸豪園23座地下,G17,九龍西
G1702,紅磡社區會堂,九龍紅磡庇利街42號九龍城政府合署高層地下,G17,九龍西
G1801,葛量洪校友會黃埔學校,九龍紅磡黃埔花園德安街30號,G18,九龍西
G1901,馬頭涌官立小學(紅磡灣),九龍紅磡灣愛景街3號,G19,九龍西
G1902,香港青少年服務處賽馬會方樹泉綜合青少年服務中心,九龍紅磡黃埔花園第二期十八座1樓,G19,九龍西
G2001,聖公會聖匠中學,九龍紅磡大環道10號,G20,九龍西
G2101,紅磡市政大廈體育館,九龍紅磡馬頭圍道11號紅磡市政大廈3樓,G21,九龍西
G2201,愛培學校,九龍紅磡差館里16號,G22,九龍西
G2301,何文田體育館,九龍何文田忠義街1號,G23,九龍西
G2401,路德會包美達社區中心,九龍何文田忠孝街89號1樓,G24,九龍西
H0101,黃大仙社區中心,九龍黃大仙正德街104號,H01,九龍東
H0201,聖公會基德小學,九龍黃大仙大成街,H02,九龍東
H0301,龍翔官立中學,九龍黃大仙馬仔坑道1號,H03,九龍東
H0401,嗇色園西醫診所,九龍黃大仙鳳德道38號嗇色園社會服務大樓地下C,H04,九龍東
H0501,鳳德社區中心,九龍鑽石山鳳德道111號鳳德邨,H05,九龍東
H0601,香港小童群益會賽馬會慈雲山青少年綜合服務中心,九龍鑽石山龍蟠苑商場2樓203號,H06,九龍東
H0602,保良局張麥珍耆樂中心,九龍鑽石山龍蟠街1號悅庭軒地下,H06,九龍東
H0701,可立中學(嗇色園主辦),九龍新蒲崗爵祿街15號,H07,九龍東
H0702,嘉諾撒小學 (新蒲崗),九龍新蒲崗彩頤里9號,H07,九龍東
H0801,東頭社區中心,九龍黃大仙樂善道26號,H08,九龍東
H0901,華德學校,九龍黃大仙聯合道150號,H09,九龍東
H1001,摩士公園體育館,九龍黃大仙鳳舞街40號,H10,九龍東
H1101,香港青年協會賽馬會橫頭磡青年空間,九龍橫頭磡邨宏興樓地下,H11,九龍東
H1102,香港傷殘青年協會賽馬會活動中心,九龍橫頭磡邨宏基樓地下1-13號,H11,九龍東
H1201,天主教博智小學,九龍黃大仙竹園道53號天馬苑,H12,九龍東
H1202,潔心林炳炎中學,九龍橫頭磡富美街9號,H12,九龍東
H1301,嗇色園主辦可德幼稚園,九龍黃大仙竹園北邨松園樓地下,H13,九龍東
H1302,翠竹商場5樓,九龍黃大仙翠竹街8號翠竹花園翠竹商場5樓,H13,九龍東
H1401,竹園社區中心,九龍黃大仙竹園道11號竹園南邨,H14,九龍東
H1402,浸信會天虹小學,九龍黃大仙竹園南邨,H14,九龍東
H1501,竹園體育館,九龍黃大仙竹園道10號竹園北邨,H15,九龍東
H1601,慈雲山(南區)社區中心,九龍黃大仙慈雲山雲華街45號,H16,九龍東
H1701,肖霞幼稚園,九龍慈雲山慈雲山道120號慈愛苑3期幼稚園座,H17,九龍東
H1801,慈雲山聖文德天主教小學,九龍慈雲山慈正邨第2期寧華街,H18,九龍東
H1901,德愛中學,九龍慈雲山慈雲山道8號,H19,九龍東
H2001,香港海事青年團,九龍鑽石山豐盛街11號,H20,九龍東
H2002,香港遊樂場協會賽馬會瓊富青少年綜合服務中心,九龍黃大仙富山邨富信樓地庫一層7-12號,H20,九龍東
H2101,保良局陳麗玲(百周年)學校,九龍清水灣道55號彩雲邨,H21,九龍東
H2201,香港幼稚園協會幼兒學校,九龍彩雲邨紫霄樓地下,H22,九龍東
H2301,彩雲社區中心,九龍牛池灣彩雲(一)邨彩鳳徑38號,H23,九龍東
H2401,佛教孔仙洲紀念中學,九龍斧山平定道10號,H24,九龍東
H2402,中華基督教會基華小學,九龍黃大仙彩虹邨黃菊路3號,H24,九龍東
H2501,聖公會聖本德中學,九龍彩虹邨藍鐘路11號,H25,九龍東
J0101,觀塘官立小學,九龍觀塘牛頭角道240號,J01,九龍東
J0102,觀塘社區中心,九龍觀塘翠屏道17號,J01,九龍東
J0201,德福花園社區會堂,九龍九龍灣偉業街33號德福花園I座平台,J02,九龍東
J0301,啟業社區會堂,九龍九龍灣啟業邨,J03,九龍東
J0401,仁濟醫院羅陳楚思中學,九龍九龍灣啟禮道10號,J04,九龍東
J0501,坪石天主教小學,九龍清水灣道10號坪石邨,J05,九龍東
J0601,佐敦谷聖若瑟天主教小學,九龍彩霞道80號,J06,九龍東
J0701,香港基督教服務處樂暉長者地區中心,九龍觀塘彩福邨彩樂樓地下,J07,九龍東
J0702,天主教彩霞邨潔心幼稚園,九龍牛頭角彩霞邨停車場平台4號,J07,九龍東
J0801,寧波第二中學,九龍觀塘順天邨順安道9號,J08,九龍東
J0901,順利社區中心,九龍順利邨順緻街2號,J09,九龍東
J0902,中華基督教會基順學校,九龍觀塘順利邨,J09,九龍東
J1001,迦密梁省德學校,九龍觀塘順安邨第2號校舍,J10,九龍東
J1101,秀茂坪天主教小學,九龍觀塘秀茂坪寶達邨,J11,九龍東
J1201,基督教聖約教會堅樂小學,九龍觀塘秀茂坪秀明道77號,J12,九龍東
J1301,路德會陳蒙恩幼稚園,九龍觀塘秀茂坪曉麗苑曉安閣地下,J13,九龍東
J1302,宣道會秀茂坪陳李詠貞幼稚園,九龍觀塘秀茂坪曉麗苑曉天閣地下,J13,九龍東
J1401,觀塘官立小學(秀明道),九龍觀塘秀茂坪秀明道130號,J14,九龍東
J1402,中華傳道會基石堂,九龍秀茂坪寶達邨B停車場地下1號,J14,九龍東
J1501,秀明小學,九龍觀塘秀茂坪秀豐街5號,J15,九龍東
J1601,聖愛德華天主教小學,九龍藍田慶田街8號,J16,九龍東
J1701,藍田聖保祿中學,九龍藍田安田街10號,J17,九龍東
J1702,飛雁幼稚園,九龍藍田康逸苑停車場頂層,J17,九龍東
J1801,藍田(東區)社區會堂,九龍藍田碧雲道223號藍田社區綜合大樓2樓,J18,九龍東
J1802,藍田(南)體育館,九龍藍田碧雲道170號,J18,九龍東
J1901,聖公會李兆強小學,九龍藍田安田街平田邨第1校舍,J19,九龍東
J2001,聖公會慈光堂聖匠幼稚園,九龍藍田康栢苑停車場大廈7樓,J20,九龍東
J2101,保良局方王錦全幼稚園,九龍油塘高超道23號高俊苑俊滿閣地下,J21,九龍東
J2201,中華基督教會基法小學(油塘),九龍油塘油塘道25號,J22,九龍東
J2301,油塘社區會堂,九龍油塘高超道38號,J23,九龍東
J2302,福建中學附屬學校,九龍油塘邨第2期,J23,九龍東
J2401,天主教普照中學,九龍油塘普照路1號,J24,九龍東
J2402,鯉魚門體育館,九龍油塘鯉魚門徑6號鯉魚門市政大廈4樓,J24,九龍東
J2501,茜草灣鄰里社區中心,九龍油塘茶果嶺道81號,J25,九龍東
J2601,藍田(西區)社區中心,九龍藍田啟田道71號,J26,九龍東
J2701,天主教佑華小學,九龍觀塘翠屏邨第4期屋邨小學,J27,九龍東
J2801,觀塘瑪利諾書院,九龍觀塘翠屏道100號,J28,九龍東
J2901,地利亞修女紀念學校(月華),九龍觀塘月華街19號,J29,九龍東
J3001,瑞和街體育館,九龍觀塘瑞和街9號瑞和街市政大廈8樓,J30,九龍東
J3002,曉光街體育館,九龍觀塘曉光街2號,J30,九龍東
J3101,觀塘功樂官立中學,九龍觀塘功樂道90號,J31,九龍東
J3201,聖公會基顯小學,九龍觀塘牛頭角上邨安善道,J32,九龍東
J3301,循道衛理觀塘社會服務處牛頭角青少年綜合服務中心,九龍觀塘牛頭角道189號牛頭角上邨中央廣場,J33,九龍東
J3401,振華道體育館,九龍牛頭角振華道50號樂雅苑停車場頂樓,J34,九龍東
J3402,保良局顧卞裘莉長者日間護理中心,九龍觀塘牛頭角下邨貴月樓及貴顯樓地下,J34,九龍東
J3501,彩頤居禮堂,九龍牛頭角彩霞道55號彩頤居地下,J35,九龍東
J3601,聖公會基樂小學,九龍牛頭角樂華邨1期,J36,九龍東
J3701,樂華社區中心,九龍牛頭角樂華南邨振華道80號,J37,九龍東
K0101,雅麗珊社區中心,新界荃灣大河道60號,K01,新界西
K0201,荃灣天主教小學,新界荃灣德華街37-41號,K02,新界西
K0301,天主教石鐘山紀念小學,新界荃灣海濱花園永順街39號,K03,新界西
K0401,寶安商會王少清中學,新界荃灣大壩街2號,K04,新界西
K0501,荃灣官立中學,新界荃灣海壩街70號,K05,新界西
K0601,荃景圍體育館,新界荃灣美環街38號,K06,新界西
K0701,柴灣角天主教小學,新界荃灣安賢街2-10號,K07,新界西
K0801,中華基督教會基慧小學,新界荃灣荃景圍167-185號,K08,新界西
K0802,川龍村公所,新界荃灣荃錦公路川龍村24號C,K08,新界西
K0901,荃灣官立小學,新界荃灣麗城花園青山公路600號,K09,新界西
K1001,深井天主教小學,新界荃灣青山公路深井段37號,K10,新界西
K1101,香港浸信會聯會小學,新界荃灣麗順路2號麗城花園,K11,新界西
K1102,荃灣聖芳濟中學,新界荃灣咸田街60-64號,K11,新界西
K1201,澳仙納幼稚園舊址,新界荃灣青龍頭龍如路387地段,K12,新界西
K1202,豪景花園遊樂會,新界荃灣青山公路100號青龍頭豪景花園,K12,新界西
K1301,中華基督教會基慧小學(馬灣),新界荃灣馬灣珀麗灣珀林路12號,K13,新界西
K1401,蕙荃體育館,新界荃灣廟崗街6號,K14,新界西
K1501,梨木樹社區會堂,新界荃灣梨木樹邨康樹樓地下梨木樹社區會堂,K15,新界西
K1502,河背村村公所,新界荃灣國瑞路河背村48號B,K15,新界西
K1601,梨木樹天主教小學,新界荃灣梨木樹邨第2校舍,K16,新界西
K1701,香港道教聯合會圓玄學院石圍角小學,新界荃灣石圍角邨第2小學校舍香港道教聯合會圓玄學院石圍角小學,K17,新界西
K1801,前荃灣信義學校,新界荃灣象山邨,K18,新界西
K1802,荃灣公立何傳耀紀念中學,新界荃灣石圍角邨屋邨中學第1號荃灣公立何傳耀紀念中學,K18,新界西
L0101,屯門市中心社區會堂,新界屯門時代廣場北翼L4層,L01,新界西
L0102,青山天主教小學,新界屯門鄉事會路2號,L01,新界西
L0201,保良局香港道教聯合會圓玄小學,新界屯門青山公路青海圍26號,L02,新界西
L0202,仁愛堂劉皇發夫人小學,新界屯門安定邨第6座校舍,L02,新界西
L0301,深培中學,新界屯門兆麟街18號,L03,新界西
L0302,青松侯寶垣中學,新界屯門恒富街21號,L03,新界西
L0401,安定/友愛社區中心,新界屯門安定邨,L04,新界西
L0402,聖公會青山聖彼得堂兆麟苑幼稚園,新界屯門兆麟苑商場地下,L04,新界西
L0501,順德聯誼總會譚伯羽中學,新界屯門友愛邨友愛路9號,L05,新界西
L0601,伊斯蘭學校,新界屯門友愛邨愛德里2號,L06,新界西
L0602,仁濟醫院何式南小學,新界屯門第16區,L06,新界西
L0701,馬錦明慈善基金馬可賓紀念中學,新界屯門石排頭路17號,L07,新界西
L0801,山景社區會堂,新界屯門山景邨,L08,新界西
L0901,大興社區會堂,新界屯門大興邨商場,L09,新界西
L0902,仁愛堂陳黃淑芳紀念中學,新界屯門旺賢街2號,L09,新界西
L1001,大興體育館,新界屯門青松觀路38號,L10,新界西
L1101,中華基督教會譚李麗芬紀念中學,新界屯門新墟新和里10號,L11,新界西
L1102,井財街社區會堂,新界屯門井財街27號,L11,新界西
L1201,救世軍三聖邨劉伍英學校,新界屯門青山公路三聖邨,L12,新界西
L1202,海關訓練學校,新界屯門大欖涌道10號,L12,新界西
L1301,入境事務學院,新界屯門青山灣青山公路82號地下高層,L13,新界西
L1302,保良局西區婦女福利會馮李佩瑤小學,新界屯門掃管笏管青路11號,L13,新界西
L1401,新屯門中心社區中心,新界屯門龍門路55-65號新屯門商場L3層,L14,新界西
L1501,南屯門官立中學,新界屯門湖山路218號,L15,新界西
L1601,世界龍岡學校劉德容紀念小學,新界屯門湖翠路263號,L16,新界西
L1701,東華三院辛亥年總理中學,新界屯門湖景邨湖昌街3號,L17,新界西
L1801,五邑鄒振猷學校,新界屯門蝴蝶邨兆山苑,L18,新界西
L1802,蝴蝶灣社區中心,新界屯門蝴蝶邨,L18,新界西
L1901,香港路德會增城兆霖學校,新界屯門第28區蝴蝶邨第3期屋邨小學第5校舍,L19,新界西
L1902,龍鼓灘村公所,新界屯門龍鼓灘北朗村1號,L19,新界西
L2001,龍逸社區會堂,新界屯門業旺路106號,L20,新界西
L2002,仁濟醫院第二中學,新界屯門第31區楊青路,L20,新界西
L2101,香港紅卍字會屯門卍慈小學,新界屯門良景邨第1校舍,L21,新界西
L2201,良景社區中心,新界屯門良景邨,L22,新界西
L2301,柏立基教育學院校友會何壽基學校,新界屯門田景邨第1號校舍,L23,新界西
L2401,保良局志豪小學,新界屯門29區興富街3號,L24,新界西
L2402,屯門紫田村村公所,新界屯門紫田路紫田村93號,L24,新界西
L2501,建生社區會堂,新界屯門建生邨,L25,新界西
L2601,屯門官立小學,新界屯門兆康苑,L26,新界西
L2701,聖公會蒙恩小學,新界屯門景峰徑1號,L27,新界西
L2702,興德學校,新界屯門慶平路1號,L27,新界西
L2801,嶺南大學郭少明伉儷樓,新界屯門嶺南大學郭少明伉儷樓地下9號室,L28,新界西
L2802,福亨村村公所,新界屯門福亨村路,L28,新界西
L2901,僑所公立學校,新界屯門鍾屋村1A號,L29,新界西
L2902,屯門學校,新界屯門五柳路254號,L29,新界西
L2903,屯門新村村公所,新界屯門藍地屯門新村57號A,L29,新界西
M0101,元朗商會小學,新界元朗青山公路244號,M01,新界西
M0201,聖公會靈愛小學,新界元朗媽廟路15號,M02,新界西
M0202,元朗公立中學校友會小學,新界元朗公園北路2號,M02,新界西
M0301,朗屏社區會堂,新界元朗朗屏邨,M03,新界西
M0401,元朗朗屏邨東莞學校,新界元朗朗屏邨第1期,M04,新界西
M0501,元朗郵政局,新界元朗元朗炮仗坊8號地下B舖,M05,新界西
M0502,鳳琴街體育館,新界元朗鳳攸北街20號,M05,新界西
M0601,中華基督教會基元中學,新界元朗鳳攸東街,M06,新界西
M0701,佛教榮茵學校,新界元朗鳳攸南街6號,M07,新界西
M0801,元朗官立小學,新界元朗坳頭友全街,M08,新界西
M0802,鐘聲學校,新界元朗舊墟路29號,M08,新界西
M0901,聖公會白約翰會督中學,新界元朗鳳攸南街10號,M09,新界西
M0902,明愛元朗陳震夏中學,新界元朗西裕街66號,M09,新界西
M1001,瑋琦文化教育機構(殷翠幼稚園),新界元朗大棠路崇正新村153號地下,M10,新界西
M1002,香港童軍總會蔡志明聯光童軍中心,新界元朗大棠道大棠村1號,M10,新界西
M1101,工業福音團契元朗惠群天地,新界元朗屏山孖峰嶺路16號,M11,新界西
M1102,可道中學（嗇色園主辦）,新界元朗洪水橋洪順路11號,M11,新界西
M1201,屏山天水圍體育館,新界元朗天水圍聚星路1號屏山天水圍文化康樂大樓3樓,M12,新界西
M1301,橫洲村公所,新界元朗橫洲福慶村142號,M13,新界西
M1302,前沙江公立聯益學校,新界元朗屏山沙江圍,M13,新界西
M1401,基督教香港信義會榮真堂,新界元朗流浮山深灣路,M14,新界西
M1402,錫降圍村公所,新界元朗廈村廈尾路錫降圍56號,M14,新界西
M1403,鄰舍輔導會屯門/元朗鄉郊中心,新界元朗洪水橋洪堤路8號雅珊園商場地下1號舖,M14,新界西
M1501,伊利沙伯中學舊生會小學分校,新界元朗天水圍第4期第3區,M15,新界西
M1502,獅子會何德心小學,新界元朗天水圍第3區天盛苑第2校舍,M15,新界西
M1601,天瑞社區中心,新界元朗天水圍天瑞邨,M16,新界西
M1701,東華三院姚達之紀念小學(元朗),新界元朗天水圍天瑞邨第1期屋邨小學,M17,新界西
M1801,賽馬會毅智書院,新界元朗天水圍第31區第1期(天頌苑),M18,新界西
M1802,東華三院李東海小學,新界元朗天水圍天壇街19號,M18,新界西
M1901,天水圍循道衞理中學,新界元朗天水圍第102區第4期(天富苑),M19,新界西
M2001,天暉路社區會堂,新界元朗天水圍天暉路,M20,新界西
M2101,聖公會天水圍靈愛小學,新界元朗天水圍天瑞路82號,M21,新界西
M2201,順德聯誼總會伍冕端小學,新界元朗天水圍天恒邨,M22,新界西
M2301,元朗公立中學校友會英業小學,新界元朗天水圍天瑞路86號,M23,新界西
M2401,天晴社區會堂,新界元朗天水圍天華路天晴邨,M24,新界西
M2501,香港管理專業協會羅桂祥中學,新界元朗天水圍天柏路26號,M25,新界西
M2601,道慈佛社楊日霖紀念學校,新界元朗天水圍天柏路6號,M26,新界西
M2701,天水圍官立中學,新界元朗天水圍天耀邨第2期,M27,新界西
M2801,天耀社區中心,新界元朗天水圍天耀邨,M28,新界西
M2901,裘錦秋中學 (元朗),新界元朗天水圍天湖路5號,M29,新界西
M3001,香港青年協會李兆基小學,新界元朗天水圍天榮路11號,M30,新界西
M3101,港澳信義會黃陳淑英紀念學校,新界元朗大生圍錦綉花園紫荊東路,M31,新界西
M3201,惇裕學校,新界元朗新田,M32,新界西
M3202,聖加百利幼稚園,新界元朗新田新圍村1號,M32,新界西
M3301,聖公會聖約瑟小學,新界元朗錦田波地路12號,M33,新界西
M3401,台山公立學校 (舊址),新界元朗八鄉粉錦公路橫台山散村100號,M34,新界西
M3501,八鄉中心小學 (石湖塘),新界元朗八鄉錦上路石湖塘村168號,M35,新界西
S0101,中華傳道會許大同學校,新界葵涌葵興邨,S01,新界西
S0201,基督教香港信義會葵盛信義學校,新界葵涌葵盛東邨,S02,新界西
S0301,仁愛堂彭鴻樟幼稚園,新界葵涌大窩口邨富泰樓地下,S03,新界西
S0401,佛教林炳炎紀念學校(香港佛教聯合會主辦),新界葵涌大廈街33號,S04,新界西
S0501,中華基督教會全完中學,新界葵涌葵涌邨上角街15號,S05,新界西
S0601,中華基督教會全完幼稚園,新界葵涌葵涌邨葵涌商場3樓平台4號,S06,新界西
S0602,聖公會林護紀念中學,新界葵涌葵盛圍397號,S06,新界西
S0701,聖公會主愛小學,新界葵涌石蔭童子街45號,S07,新界西
S0801,慈幼葉漢小學,新界葵涌安蔭邨,S08,新界西
S0901,石籬 (一) 邨室內活動室,新界石籬(一)邨1號停車場1號活動室,S09,新界西
S1001,石籬社區會堂,新界葵涌大白田街2號,S10,新界西
S1101,香港道教聯合會圓玄學院第一中學,新界葵涌和宜合道42號,S11,新界西
S1201,佛教林金殿紀念小學,新界葵涌葵芳邨第5期屋邨校舍,S12,新界西
S1301,華景山莊北停車場地下會議室,新界葵涌華景山路9號華景山莊,S13,新界西
S1302,迦密愛禮信中學,新界葵涌華景山路4號,S13,新界西
S1303,東華三院高可寧紀念小學,新界葵涌麗瑤邨小學屋邨校舍第1座,S13,新界西
S1401,中華基督教會基真小學,新界葵涌華荔徑11號,S14,新界西
S1501,香港四邑商工總會陳南昌紀念中學,新界葵涌祖堯邨敬祖路12號,S15,新界西
S1601,葵芳社區會堂,新界葵涌禮芳街2號,S16,新界西
S1701,荔景社區會堂,新界葵涌荔景山路205號,S17,新界西
S1801,葵盛社區會堂,新界葵涌葵盛西邨第6座平台,S18,新界西
S1901,地利亞(閩僑)英文小學,新界青衣長安邨第2期地利亞(閩僑)英文小學,S19,新界西
S1902,中華基督教會燕京書院,新界青衣牙鷹洲街12號,S19,新界西
S2001,聖公會青衣邨何澤芸小學,新界青衣青綠街3號,S20,新界西
S2101,荃灣商會學校,新界青衣青衣邨第1期第1區荃灣商會學校,S21,新界西
S2201,東華三院吳祥川紀念中學,新界青衣市中心清心街7號,S22,新界西
S2202,保良局世德小學,新界青衣青綠街23號,S22,新界西
S2301,長青社區中心,新界青衣青康路6號,S23,新界西
S2302,美景花園自修室,新界青衣細山路2-16號美景花園第11座L3層,S23,新界西
S2401,青衣商會小學,新界青衣長康邨青康路12號,S24,新界西
S2402,青衣商會幼稚園,新界青衣青華苑停車場大廈地下,S24,新界西
S2501,樂善堂梁植偉紀念中學,新界青衣長康邨第5期樂善堂梁植偉紀念中學,S25,新界西
S2601,藍澄會,新界青衣青衣路1號第1座5樓及6樓,S26,新界西
S2602,聖公會青衣主恩小學,新界青衣長宏邨,S26,新界西
S2701,長亨社區會堂,新界青衣長亨邨第2期,S27,新界西
S2801,長發社區中心,新界青衣担杆山路6號,S28,新界西
S2901,中華傳道會呂明才小學,新界青衣長發邨,S29,新界西
T0101,中華基督教會大澳小學,新界大嶼山大澳街市街24-26號,T01,新界西
T0102,沙螺灣鄉公所,新界大嶼山沙螺灣涌口17號,T01,新界西
T0103,大澳䃟頭村村公所,新界大嶼山大澳䃟頭村2D,T01,新界西
T0104,醫療輔助隊東涌訓練中心,新界大嶼山東涌下嶺皮1號,T01,新界西
T0105,牛牯塱三鄉合作社,新界大嶼山大蠔新村25號,T01,新界西
T0106,寶蓮禪寺大澳廳,新界大嶼山昂坪昂平路寶蓮禪寺,T01,新界西
T0107,梅窩體育館,新界大嶼山銀石街9號梅窩市政大廈1樓,T01,新界西
T0108,塘福鄉公所,新界大嶼山嶼南道塘福33號地下,T01,新界西
T0109,杯澳公立學校,新界大嶼山貝澳羅屋村2號,T01,新界西
T0201,東涌天主教學校,新界大嶼山東涌逸東街8號逸東(二)邨,T02,新界西
T0301,香港教育工作者聯會黃楚標學校,新界大嶼山東涌逸東(一)邨,T03,新界西
T0401,東涌社區會堂,新界大嶼山東涌文東路39號東涌市政大樓地下,T04,新界西
T0501,香港教育工作者聯會黃楚標中學,新界大嶼山東涌富東邨第3期第10區,T05,新界西
T0601,愉景灣社區會堂,新界大嶼山愉景灣海澄湖畔路99號,T06,新界西
T0701,坪洲體育館,新界坪洲寶坪街6號坪洲市政大廈,T07,新界西
T0801,南丫島北段鄉事委員會,新界南丫島榕樹灣大街21號,T08,新界西
T0802,索罟灣普通科門診診所,新界南丫島索罟灣第二街1號地下,T08,新界西
T0901,佛教慧因法師紀念中學,新界長洲大興堤路25號,T09,新界西
T0902,明愛陳震夏郊野學園(聖保祿校舍),新界長洲長洲地段1139號龍仔村,T09,新界西
T1001,長洲體育館,新界長洲長洲醫院路3號,T10,新界西
T1002,國民學校,新界長洲國民路30號,T10,新界西
N0101,香海正覺蓮社佛教馬錦燦紀念英文中學,新界粉嶺聯和墟聯益街9號,N01,新界東
N0201,粉嶺公立學校,新界粉嶺粉嶺村651號,N02,新界東
N0202,明愛粉嶺陳震夏中學,新界粉嶺新運路28號,N02,新界東
N0301,祥華社區會堂,新界粉嶺祥華邨,N03,新界東
N0401,香海正覺蓮社佛教正覺蓮社學校,新界粉嶺一鳴路12號,N04,新界東
N0501,鳳溪廖潤琛紀念學校,新界粉嶺華明邨,N05,新界東
N0601,香海正覺蓮社佛教普光學校,新界粉嶺欣盛里2號,N06,新界東
N0602,路德會賽馬會雍盛綜合服務中心,新界粉嶺雍盛苑雍盛商場2樓,N06,新界東
N0701,聖公會嘉福榮真小學,新界粉嶺嘉福邨,N07,新界東
N0801,粉嶺官立中學,新界粉嶺一鳴路27號,N08,新界東
N0802,田家炳中學,新界粉嶺維翰路1號,N08,新界東
N0901,風采中學 (教育評議會主辦),新界上水清城路8號,N09,新界東
N1001,保榮路體育館,新界上水百和路19號,N10,新界東
N1101,金錢村何東學校,新界上水金錢村,N11,新界東
N1102,蕉徑村公所,新界上水蕉徑老圍,N11,新界東
N1103,古洞公立愛華學校,新界上水古洞村河上鄉路,N11,新界東
N1104,坑頭村公所,新界上水坑頭村25號,N11,新界東
N1201,彩園會堂,新界上水彩園邨,N12,新界東
N1301,龍琛路體育館,新界上水馬會道155號,N13,新界東
N1302,聖公會陳融中學,新界上水智昌路6號,N13,新界東
N1303,香海正覺蓮社佛教陳式宏學校,新界上水旭埔苑,N13,新界東
N1401,石湖墟公立學校,新界上水天平邨,N14,新界東
N1501,鳳溪廖萬石堂中學,新界上水鳳南路6號,N15,新界東
N1601,打鼓嶺嶺英公立學校,新界北區打鼓嶺週田村,N16,新界東
N1602,International College Hong Kong,新界沙頭角石涌凹沙頭角公路60號,N16,新界東
N1603,吉澳村公所,新界沙頭角吉澳島吉澳大街51號,N16,新界東
N1604,沙頭角中心小學,新界沙頭角沙頭角墟第4區,N16,新界東
N1605,李氏宗祠,新界沙頭角烏蛟騰村祠心路103號,N16,新界東
N1606,打鼓嶺社區會堂,新界打鼓嶺坪輋路136號打鼓嶺鄉村中心政府大樓地下,N16,新界東
N1701,天平體育館,新界上水天平邨天平商場3樓,N17,新界東
N1702,聯和墟社區會堂,新界粉嶺聯和墟和滿街9號地下,N17,新界東
N1801,從謙學校,新界粉嶺崇謙堂村樂東街10號,N18,新界東
N1802,龍山學校,新界粉嶺龍躍頭,N18,新界東
N1803,軍地蔬菜產銷有限責任合作社,新界粉嶺沙頭角公路地段DD83,N18,新界東
N1804,新福事工協會生命導向中心,新界粉嶺簡頭村75號,N18,新界東
N1805,和合石村公所,新界粉嶺和合石村23號D1,N18,新界東
P0101,大埔社區中心(展覽廳),新界大埔鄉事會街2號,P01,新界東
P0201,大埔官立中學,新界大埔安邦路12號,P02,新界東
P0301,新界婦孺福利會梁省德學校,新界大埔大元邨新界婦孺福利會梁省德學校,P03,新界東
P0302,香港紅卍字會大埔卍慈中學,新界大埔富亨邨香港紅卍字會大埔卍慈中學,P03,新界東
P0401,大元社區會堂,新界大埔大元邨大元社區會堂,P04,新界東
P0501,富亨鄰里社區中心,新界大埔富亨邨第4期,P05,新界東
P0601,富善社區會堂,新界大埔富善邨富善社區會堂,P06,新界東
P0701,香港道教聯合會圓玄學院第二中學,新界大埔富善邨香港道教聯合會圓玄學院第二中學,P07,新界東
P0801,廣福社區會堂,新界大埔廣福邨廣福社區會堂,P08,新界東
P0802,大埔崇德黃建常紀念學校,新界大埔東昌街,P08,新界東
P0901,大埔浸信會公立學校,新界大埔廣福邨大埔浸信會公立學校,P09,新界東
P1001,香港教師會李興貴中學,新界大埔運頭塘邨香港教師會李興貴中學,P10,新界東
P1002,保良局田家炳千禧小學,新界大埔大埔公路大埔滘段4641號,P10,新界東
P1101,運頭塘鄰里社區中心,新界大埔運頭塘邨運頭塘鄰里社區中心,P11,新界東
P1201,仁濟醫院蔡衍濤小學,新界大埔第六區運頭塘邨,P12,新界東
P1202,挪威國際學校,新界大埔錦山路170號,P12,新界東
P1301,南華莆村崇真堂,新界大埔林村谷大窩西支路南華莆村2號,P13,新界東
P1302,獅子會林村青年中心,新界大埔林村放馬莆,P13,新界東
P1303,圍頭村村公所,新界大埔圍頭村52號,P13,新界東
P1304,泰亨公立學校,新界大埔泰亨村中心圍9號,P13,新界東
P1401,神召會康樂中學,新界大埔寶雅苑,P14,新界東
P1501,林村公立黃福鑾紀念學校,新界大埔太和邨林村公立黃福鑾紀念學校,P15,新界東
P1601,太和鄰里社區中心,新界大埔太和邨太和鄰里社區中心,P16,新界東
P1701,大埔三育中學,新界大埔大埔頭徑2號,P17,新界東
P1702,九龍坑公立育賢學校,新界大埔九龍坑村62號,P17,新界東
P1703,康樂園服務處會議室,新界大埔康樂園市中心徑5號1樓A室,P17,新界東
P1704,孔教學院大成何郭佩珍中學,新界大埔富善邨孔教學院大成何郭佩珍中學,P17,新界東
P1801,大美督村公所,新界大埔大美督村51號A,P18,新界東
P1802,船灣詹屋村村公所,新界大埔汀角路船灣詹屋村38號,P18,新界東
P1803,香港教育學院賽馬會小學,新界大埔露屏路10號,P18,新界東
P1901,香港浸信會神學院,新界西貢北西澳年明路1號,P19,新界東
P1902,西貢郊野公園遊客中心,新界西貢北潭涌大網仔路531號,P19,新界東
P1903,塔門鄉公所,新界大埔塔門,P19,新界東
Q0101,西貢賽馬會大會堂,新界西貢親民街8號,Q01,新界東
Q0102,萬宜漁村公共會堂,新界西貢對面海康健路140號萬宜漁村,Q01,新界東
Q0201,前西貢中心小學,新界西貢蠔涌,Q02,新界東
Q0401,港澳信義會小學,新界將軍澳集福路4號,Q04,新界東
Q0501,新界西貢坑口區鄭植之中學,新界西貢竹角路8號,Q05,新界東
Q0601,播道書院,新界將軍澳至善街7號,Q06,新界東
Q0701,香港基督教女青年會將軍澳綜合社會服務處,新界將軍澳調景嶺澳景路88號維景灣畔第17座地庫3層,Q07,新界東
Q0801,優才(楊殷有娣)書院(將軍澳),新界將軍澳調景嶺嶺光街10號,Q08,新界東
Q0901,香海正覺蓮社佛教正覺中學,新界將軍澳調景嶺翠嶺路38號,Q09,新界東
Q1001,寶覺中學,新界將軍澳彩明苑彩明街9號,Q10,新界東
Q1101,博愛醫院八十週年鄧英喜中學,新界將軍澳唐賢里2號,Q11,新界東
Q1201,仁濟醫院王華湘中學,新界將軍澳唐俊街8號,Q12,新界東
Q1301,將軍澳運動場,新界將軍澳寶康路109號,Q13,新界東
Q1401,將軍澳官立小學,新界將軍澳厚德邨將軍澳官立小學,Q14,新界東
Q1501,翠林體育館,新界將軍澳翠林邨翠林體育館,Q15,新界東
Q1502,景嶺書院,新界將軍澳林盛路1號,Q15,新界東
Q1601,翠林社區會堂,新界將軍澳翠林邨翠林社區會堂,Q16,新界東
Q1701,迦密主恩中學,新界將軍澳寶林邨迦密主恩中學,Q17,新界東
Q1801,寶林邨文娛活動會堂,新界將軍澳寶林邨寶林邨文娛活動會堂,Q18,新界東
Q1901,順德聯誼總會梁潔華小學,新界將軍澳貿泰路2號,Q19,新界東
Q1902,順德聯誼總會鄭裕彤中學,新界將軍澳學林里9號,Q19,新界東
Q2001,景林鄰里社區中心,新界將軍澳景林邨,Q20,新界東
Q2101,天主教鳴遠中學,新界將軍澳厚德邨天主教鳴遠中學,Q21,新界東
Q2201,港澳信義會慕德中學,新界將軍澳厚德邨第3期,Q22,新界東
Q2301,坑口社區會堂,新界將軍澳坑口培成路38號西貢將軍澳政府綜合大樓地下,Q23,新界東
Q2401,尚德社區會堂,新界將軍澳尚德邨尚美樓,Q24,新界東
Q2501,香港道教聯合會圓玄學院第三中學,新界將軍澳唐明街2號尚德邨,Q25,新界東
Q2601,啓思中學,新界將軍澳蓬萊路3號,Q26,新界東
Q2602,康城社區會堂,新界將軍澳日出康城首都,Q26,新界東
R0101,沙田大會堂,新界沙田源禾路1號,R01,新界東
R0102,沙田官立中學,新界沙田文禮路11-17號,R01,新界東
R0201,瀝源社區會堂,新界沙田瀝源邨,R02,新界東
R0301,禾輋社區會堂,新界沙田禾輋邨禾輋商場平台,R03,新界東
R0401,浸信會呂明才小學,新界沙田第一城得榮街2號,R04,新界東
R0501,五旬節林漢光中學,新界沙田愉田苑,R05,新界東
R0601,慈航學校,新界沙田源昌里1號,R06,新界東
R0602,富豪花園商場一樓富豪橋有蓋走廊,新界沙田大涌橋路52號富豪花園,R06,新界東
R0701,佛教覺光法師中學,新界沙田沙角邨,R07,新界東
R0801,博康社區會堂,新界沙田博康邨,R08,新界東
R0901,沙田圍胡素貞博士紀念學校,新界沙田乙明邨街2號,R09,新界東
R1001,秦石社區會堂,新界沙田秦石邨,R10,新界東
R1101,新田圍社區會堂,新界沙田新田圍邨,R11,新界東
R1201,九龍城浸信會禧年 (恩平) 小學,新界沙田大圍新翠邨第2期校舍,R12,新界東
R1301,香港中文大學校友會聯會張煊昌學校,新界沙田顯徑邨嘉田苑,R13,新界東
R1302,顯徑體育館,新界沙田顯徑邨顯徑商場,R13,新界東
R1401,美田社區會堂,新界沙田大圍美滿里9號,R14,新界東
R1501,東莞工商總會劉百樂中學,新界沙田大圍積泰里1號,R15,新界東
R1601,顯徑鄰里社區中心,新界沙田顯和里5號,R16,新界東
R1602,才俊學校,新界沙田顯泰街2號,R16,新界東
R1701,隆亨社區中心,新界沙田隆亨邨,R17,新界東
R1801,東莞工商總會張煌偉小學,新界沙田翠田街2號新翠邨,R18,新界東
R1901,佛教黃允畋中學,新界沙田大圍美林邨佛教黃允畋中學,R19,新界東
R1902,大圍村村公所,新界沙田大圍第一街38號,R19,新界東
R2001,樂道中學,新界沙田大圍美林邨樂道中學,R20,新界東
R2002,基督教香港信義會沙田信義幼稚園,新界沙田大圍銅鑼灣山路1號,R20,新界東
R2101,保良局蕭漢森小學,新界沙田穗禾苑42A地段,R21,新界東
R2201,賽馬會體藝中學,新界沙田火炭樂景街5-7號,R22,新界東
R2301,香港中文大學富爾敦樓,新界沙田香港中文大學富爾敦樓103室,R23,新界東
R2302,仁愛堂香港台山商會長者活動中心,新界沙田火炭駿景園駿景路1號地下,R23,新界東
R2401,宣道會台山陳元喜小學,新界沙田馬鞍山頌安邨,R24,新界東
R2501,香港中文大學校友會聯會陳震夏中學,新界沙田馬鞍山西沙路632號頌安邨,R25,新界東
R2601,香港道教聯合會純陽小學,新界沙田馬鞍山鞍駿街30號,R26,新界東
R2801,明愛馬鞍山中學,新界沙田馬鞍山錦英路2號,R28,新界東
R2901,利安社區會堂,新界沙田馬鞍山沙安街23號馬鞍山利安社區服務大樓,R29,新界東
R3001,吳氏宗親總會泰伯紀念學校,新界沙田馬鞍山錦英苑,R30,新界東
R3002,東華三院黃鳳翎中學,新界沙田馬鞍山馬鞍山路208號,R30,新界東
R3101,保良局莊啟程小學,新界沙田馬鞍山耀安邨,R31,新界東
R3201,馬鞍山聖若瑟小學,新界沙田馬鞍山恒安邨第1座校舍,R32,新界東
R3202,恒安社區中心,新界沙田馬鞍山恒安邨,R32,新界東
R3301,德信中學,新界沙田馬鞍山寧泰路27號,R33,新界東
R3401,聖公會馬鞍山主風小學,新界沙田馬鞍山寧泰路35號,R34,新界東
R3402,基督教香港信義會馬鞍山信義學校,新界沙田馬鞍山恒安邨第2校舍,R34,新界東
R3501,林大輝中學,新界沙田銀城街25號,R35,新界東
R3601,路德會梁鉅鏐小學,新界沙田安景街5號,R36,新界東
R3602,香港浸會大學附屬學校王錦輝中小學,新界沙田石門安睦里6號,R36,新界東
R3701,世界龍岡學校黃耀南小學,新界沙田廣源邨第1期,R37,新界東
R3801,廣源社區會堂,新界沙田廣源邨,R38,新界東